Year,Country Group,Country,Exports in Million Riyals
1984,Other Arab League Countries,Other Arab League Countries,5126.0
2006,Gulf Cooperation Council,Oman,1510.0
2007,Gulf Cooperation Council,Oman,1851.0
2004,Gulf Cooperation Council,Oman,1001.0
2011,Gulf Cooperation Council,Oman,6472.0
2014,Gulf Cooperation Council,Oman,6533.0
1993,Gulf Cooperation Council,Oman,250.0
1995,Gulf Cooperation Council,Oman,506.0
1994,Gulf Cooperation Council,Oman,307.0
1996,Gulf Cooperation Council,Oman,441.0
2015,Gulf Cooperation Council,United Arab Emirates,40160.754086
1988,Gulf Cooperation Council,United Arab Emirates,1172.0
1989,Gulf Cooperation Council,United Arab Emirates,1868.0
2014,Gulf Cooperation Council,United Arab Emirates,44356.0
2010,Gulf Cooperation Council,United Arab Emirates,32923.0
1987,Gulf Cooperation Council,United Arab Emirates,972.0
2008,Gulf Cooperation Council,Bahrain,35389.0
1993,Gulf Cooperation Council,Bahrain,4991.0
1996,Gulf Cooperation Council,Bahrain,6581.0
2000,Gulf Cooperation Council,Bahrain,7158.0
2005,Gulf Cooperation Council,United Arab Emirates,18027.0
2008,Gulf Cooperation Council,United Arab Emirates,32900.0
1996,Gulf Cooperation Council,United Arab Emirates,6779.0
1999,Gulf Cooperation Council,United Arab Emirates,4710.0
2001,Gulf Cooperation Council,United Arab Emirates,6576.0
2003,Gulf Cooperation Council,Qatar,1383.0
2004,Gulf Cooperation Council,Qatar,1944.0
2014,Gulf Cooperation Council,Qatar,6195.0
1989,Gulf Cooperation Council,Qatar,428.0
1999,Gulf Cooperation Council,Qatar,683.0
2015,Other Arab League Countries,Yemen,2216.473239
2016,Other Arab League Countries,Yemen,2203.211614
2011,Other Arab League Countries,Yemen,5369.0
1986,Other Arab League Countries,Yemen,647.0
1987,Other Arab League Countries,Yemen,602.0
1991,Other Arab League Countries,Yemen,309.0
1984,Other Arab League Countries,Yemen,924.0
1988,Other Arab League Countries,Yemen,882.0
1993,Other Arab League Countries,Yemen,247.0
2004,Other Arab League Countries,Iraq,158.0
2007,Other Arab League Countries,Lebanon,1094.0
2006,Other Arab League Countries,Lebanon,1285.0
2010,Other Arab League Countries,Lebanon,1873.0
1992,Other Arab League Countries,Lebanon,121.0
1985,Other Arab League Countries,Lebanon,167.0
1987,Other Arab League Countries,Lebanon,56.0
1988,Other Arab League Countries,Lebanon,74.0
2008,Other Arab League Countries,Yemen,4263.0
2006,Other Arab League Countries,Yemen,3091.0
2010,Other Arab League Countries,Egypt,9625.0
2014,Islamic (Non-Arab Countries),Islamic (Non-Arab Countries),67131.0
1988,Islamic (Non-Arab Countries),Islamic (Non-Arab Countries),2848.0
2005,Other Arab League Countries,Sudan,2064.0
1999,Other Arab League Countries,Sudan,349.0
2003,Other Arab League Countries,Sudan,839.0
2008,Other Arab League Countries,Other Arab League Countries,63880.0
1992,Other Arab League Countries,Other Arab League Countries,3539.0
2014,Other Arab League Countries,Jordan,17792.0
1985,Other Arab League Countries,Jordan,1391.0
1984,Other Arab League Countries,Jordan,1341.0
1996,Other Arab League Countries,Jordan,424.0
1986,Other Arab League Countries,Jordan,479.0
1990,Other Arab League Countries,Jordan,322.0
2011,Other Arab League Countries,Iraq,2182.0
2003,Other Arab League Countries,Iraq,78.0
2011,Other Arab League Countries,Morocco,11318.0
1994,Other Arab League Countries,Morocco,1674.0
2003,Other Arab League Countries,Morocco,2399.0
2005,Other Arab League Countries,Morocco,4827.0
2000,Other Arab League Countries,Morocco,2100.0
1987,Other Arab League Countries,Morocco,47.0
2015,Other Arab League Countries,Sudan,1920.429433
1993,Other Arab League Countries,Sudan,493.0
1995,Other Arab League Countries,Sudan,413.0
1996,Other Arab League Countries,Sudan,431.0
1999,Gulf Cooperation Council,Gulf Cooperation Council,13310.0
2003,Gulf Cooperation Council,Gulf Cooperation Council,23310.0
2013,Gulf Cooperation Council,Bahrain,38081.0
2014,Gulf Cooperation Council,Bahrain,34559.0
1992,Gulf Cooperation Council,Kuwait,1640.0
2013,Gulf Cooperation Council,Kuwait,6119.0
2003,Gulf Cooperation Council,Kuwait,2978.0
2005,Gulf Cooperation Council,Kuwait,4428.0
2014,Gulf Cooperation Council,Kuwait,5770.0
1984,Gulf Cooperation Council,Kuwait,335.0
2006,Other Arab League Countries,Egypt,10320.0
2000,Other Arab League Countries,Egypt,1455.0
2004,Other Arab League Countries,Egypt,4484.0
2009,Other Arab League Countries,Egypt,8336.0
2007,Other Arab League Countries,Syria,2711.0
2009,Other Arab League Countries,Syria,2357.0
1991,Other Arab League Countries,Syria,123.0
1992,Other Arab League Countries,Syria,182.0
2014,Other Arab League Countries,Syria,109.0
1999,Other Arab League Countries,Syria,405.0
1996,Islamic (Non-Arab Countries),Islamic (Non-Arab Countries),11808.0
1992,Islamic (Non-Arab Countries),Islamic (Non-Arab Countries),12027.0
2001,Islamic (Non-Arab Countries),Islamic (Non-Arab Countries),13918.0
1994,Islamic (Non-Arab Countries),Islamic (Non-Arab Countries),9786.0
1986,Islamic (Non-Arab Countries),Pakistan,1000.0
2016,Gulf Cooperation Council,Gulf Cooperation Council,80557.813041
2015,Gulf Cooperation Council,Gulf Cooperation Council,79009.0
1984,Gulf Cooperation Council,Gulf Cooperation Council,5616.0
2011,Gulf Cooperation Council,United Arab Emirates,37881.0
1992,Gulf Cooperation Council,United Arab Emirates,3126.0
2012,Gulf Cooperation Council,Qatar,5452.0
1987,Gulf Cooperation Council,Qatar,153.0
1996,Gulf Cooperation Council,Qatar,773.0
1998,Gulf Cooperation Council,Qatar,737.0
1991,Gulf Cooperation Council,Qatar,282.0
2001,Gulf Cooperation Council,Qatar,743.0
2000,Gulf Cooperation Council,Qatar,731.0
1984,Gulf Cooperation Council,Qatar,78.0
2006,Gulf Cooperation Council,Qatar,4009.0
2007,Gulf Cooperation Council,Qatar,5540.0
2005,Gulf Cooperation Council,Qatar,2659.0
2013,Gulf Cooperation Council,Oman,6355.0
2008,Gulf Cooperation Council,Oman,2617.0
2010,Gulf Cooperation Council,Oman,2996.0
1991,Gulf Cooperation Council,Oman,208.0
1992,Gulf Cooperation Council,Oman,212.0
1997,Gulf Cooperation Council,Oman,583.0
2001,Gulf Cooperation Council,Oman,573.0
2002,Other Arab League Countries,Egypt,1757.0
2001,Other Arab League Countries,Egypt,1768.0
2012,Other Arab League Countries,Syria,1969.0
2003,Other Arab League Countries,Egypt,3427.0
1985,Other Arab League Countries,Syria,105.0
2013,Other Arab League Countries,Syria,500.0
1997,Other Arab League Countries,Syria,302.0
1990,Other Arab League Countries,Syria,77.0
2004,Other Arab League Countries,Jordan,6852.0
2012,Other Arab League Countries,Yemen,4622.0
1990,Other Arab League Countries,Yemen,689.0
2013,Other Arab League Countries,Iraq,2925.0
1985,Other Arab League Countries,Iraq,128.0
1988,Other Arab League Countries,Iraq,378.0
2001,Other Arab League Countries,Iraq,264.0
2006,Other Arab League Countries,Iraq,498.0
2005,Other Arab League Countries,Iraq,253.0
1987,Other Arab League Countries,Iraq,95.0
2013,Other Arab League Countries,Lebanon,1823.0
2001,Other Arab League Countries,Lebanon,1121.0
2012,Other Arab League Countries,Lebanon,2947.0
1994,Other Arab League Countries,Lebanon,167.0
1995,Other Arab League Countries,Lebanon,304.0
1997,Other Arab League Countries,Lebanon,434.0
1998,Other Arab League Countries,Lebanon,373.0
2009,Other Arab League Countries,Yemen,2961.0
1999,Other Arab League Countries,Yemen,535.0
1998,Other Arab League Countries,Yemen,669.0
2016,Gulf Cooperation Council,Bahrain,17884.385105
2012,Gulf Cooperation Council,Bahrain,39121.0
2007,Gulf Cooperation Council,Bahrain,26238.0
1985,Gulf Cooperation Council,Bahrain,4221.0
1991,Gulf Cooperation Council,Bahrain,5836.0
1995,Gulf Cooperation Council,Bahrain,5541.0
1998,Gulf Cooperation Council,Bahrain,4387.0
2002,Gulf Cooperation Council,Bahrain,6577.0
1990,Gulf Cooperation Council,Bahrain,6564.0
1999,Gulf Cooperation Council,Bahrain,5560.0
2015,Other Arab League Countries,Morocco,3292.264174
2012,Other Arab League Countries,Morocco,10117.0
1986,Other Arab League Countries,Morocco,50.0
2002,Other Arab League Countries,Syria,696.0
2003,Other Arab League Countries,Syria,555.0
2000,Other Arab League Countries,Syria,418.0
2015,Other Arab League Countries,Other Arab League Countries,37937.740908
2016,Other Arab League Countries,Other Arab League Countries,32050.409624
2003,Other Arab League Countries,Other Arab League Countries,14874.0
2012,Other Arab League Countries,Other Arab League Countries,61379.0
1985,Other Arab League Countries,Other Arab League Countries,4897.0
1987,Other Arab League Countries,Other Arab League Countries,2867.0
1988,Other Arab League Countries,Other Arab League Countries,3663.0
1999,Other Arab League Countries,Other Arab League Countries,5425.0
2012,Other Arab League Countries,Jordan,19404.0
1998,Other Arab League Countries,Jordan,768.0
2016,Other Arab League Countries,Lebanon,1506.429749
1999,Other Arab League Countries,Egypt,1421.0
1998,Other Arab League Countries,Egypt,1602.0
1991,Other Arab League Countries,Egypt,3048.0
1994,Other Arab League Countries,Egypt,198.0
1985,Other Arab League Countries,Egypt,216.0
1989,Other Arab League Countries,Egypt,528.0
1995,Other Arab League Countries,Egypt,900.0
1984,Other Arab League Countries,Egypt,286.0
1991,Gulf Cooperation Council,Gulf Cooperation Council,12020.0
1992,Gulf Cooperation Council,Gulf Cooperation Council,11363.0
1996,Gulf Cooperation Council,Gulf Cooperation Council,16283.0
2002,Gulf Cooperation Council,Gulf Cooperation Council,16734.0
2007,Gulf Cooperation Council,Gulf Cooperation Council,71120.0
2009,Gulf Cooperation Council,Gulf Cooperation Council,71543.0
1994,Gulf Cooperation Council,Kuwait,1469.0
1997,Gulf Cooperation Council,Kuwait,2018.0
2002,Gulf Cooperation Council,Kuwait,2018.0
2010,Gulf Cooperation Council,Kuwait,5189.0
1991,Other Arab League Countries,Morocco,1061.0
1995,Other Arab League Countries,Morocco,1648.0
1998,Other Arab League Countries,Morocco,1397.0
1997,Other Arab League Countries,Morocco,2007.0
2013,Gulf Cooperation Council,Gulf Cooperation Council,95264.0
2010,Gulf Cooperation Council,Gulf Cooperation Council,76953.0
2009,Other Arab League Countries,Other Arab League Countries,41590.0
1990,Other Arab League Countries,Other Arab League Countries,6528.0
2000,Other Arab League Countries,Other Arab League Countries,6230.0
2008,Other Arab League Countries,Jordan,16406.0
2011,Other Arab League Countries,Jordan,16816.0
1992,Other Arab League Countries,Jordan,175.0
1993,Other Arab League Countries,Jordan,218.0
2001,Other Arab League Countries,Jordan,569.0
1989,Other Arab League Countries,Iraq,612.0
2002,Gulf Cooperation Council,Oman,708.0
2011,Other Arab League Countries,Lebanon,2979.0
1993,Other Arab League Countries,Lebanon,161.0
1990,Other Arab League Countries,Lebanon,114.0
2004,Other Arab League Countries,Yemen,1974.0
2014,Other Arab League Countries,Yemen,4710.0
1985,Other Arab League Countries,Yemen,811.0
2010,Other Arab League Countries,Yemen,4194.0
1994,Other Arab League Countries,Yemen,234.0
2002,Other Arab League Countries,Iraq,262.0
1990,Other Arab League Countries,Iraq,483.0
2011,Gulf Cooperation Council,Qatar,5294.0
2009,Gulf Cooperation Council,Qatar,7216.0
2010,Gulf Cooperation Council,Qatar,5996.0
1995,Gulf Cooperation Council,Qatar,594.0
1997,Gulf Cooperation Council,Qatar,841.0
2002,Gulf Cooperation Council,Qatar,970.0
1999,Gulf Cooperation Council,Oman,574.0
1986,Gulf Cooperation Council,Oman,50.0
1988,Gulf Cooperation Council,Oman,84.0
1990,Gulf Cooperation Council,Oman,285.0
2000,Islamic (Non-Arab Countries),Islamic (Non-Arab Countries),14744.0
2009,Islamic (Non-Arab Countries),Islamic (Non-Arab Countries),33251.0
2012,Islamic (Non-Arab Countries),Pakistan,12933.0
1987,Islamic (Non-Arab Countries),Pakistan,1168.0
1991,Islamic (Non-Arab Countries),Pakistan,1774.0
1994,Islamic (Non-Arab Countries),Pakistan,1744.0
1997,Islamic (Non-Arab Countries),Pakistan,1948.0
1995,Islamic (Non-Arab Countries),Islamic (Non-Arab Countries),10570.0
2013,Islamic (Non-Arab Countries),Islamic (Non-Arab Countries),67110.0
1987,Islamic (Non-Arab Countries),Islamic (Non-Arab Countries),2953.0
1985,Islamic (Non-Arab Countries),Islamic (Non-Arab Countries),6865.0
1999,Islamic (Non-Arab Countries),Islamic (Non-Arab Countries),9696.0
2007,Other Arab League Countries,Sudan,2268.0
2009,Other Arab League Countries,Sudan,2123.0
2006,Other Arab League Countries,Sudan,2355.0
1994,Other Arab League Countries,Sudan,356.0
2000,Other Arab League Countries,Sudan,201.0
2001,Other Arab League Countries,Morocco,1649.0
1990,Other Arab League Countries,Morocco,1144.0
2013,Other Arab League Countries,Morocco,9866.0
2002,Other Arab League Countries,Morocco,2137.0
2016,Other Arab League Countries,Syria,259.847874
2007,Other Arab League Countries,Egypt,13779.0
2005,Other Arab League Countries,Syria,2686.0
1993,Other Arab League Countries,Syria,180.0
1987,Other Arab League Countries,Sudan,699.0
1985,Other Arab League Countries,Sudan,857.0
2008,Other Arab League Countries,Lebanon,1528.0
2009,Other Arab League Countries,Lebanon,1331.0
1999,Other Arab League Countries,Lebanon,447.0
2002,Other Arab League Countries,Lebanon,654.0
2000,Other Arab League Countries,Lebanon,551.0
2011,Other Arab League Countries,Egypt,10696.0
2012,Other Arab League Countries,Egypt,10498.0
2014,Other Arab League Countries,Egypt,14344.0
1987,Other Arab League Countries,Egypt,339.0
1992,Other Arab League Countries,Egypt,727.0
1986,Islamic (Non-Arab Countries),Bangladesh,104.0
1995,Islamic (Non-Arab Countries),Bangladesh,330.0
1998,Islamic (Non-Arab Countries),Bangladesh,251.0
2006,Islamic (Non-Arab Countries),Pakistan,11363.0
2008,Islamic (Non-Arab Countries),Pakistan,16630.0
2002,Islamic (Non-Arab Countries),Pakistan,4474.0
2004,Islamic (Non-Arab Countries),Pakistan,7979.0
2004,Gulf Cooperation Council,United Arab Emirates,12230.0
1986,Gulf Cooperation Council,United Arab Emirates,1002.0
2006,Gulf Cooperation Council,United Arab Emirates,25488.0
1991,Gulf Cooperation Council,United Arab Emirates,3193.0
1994,Gulf Cooperation Council,United Arab Emirates,3569.0
1990,Gulf Cooperation Council,United Arab Emirates,3010.0
1998,Gulf Cooperation Council,Gulf Cooperation Council,12443.0
2005,Gulf Cooperation Council,Gulf Cooperation Council,45215.0
2005,Gulf Cooperation Council,Bahrain,18637.0
2016,Gulf Cooperation Council,Qatar,7154.525775
2008,Gulf Cooperation Council,Gulf Cooperation Council,82744.0
2015,Gulf Cooperation Council,Bahrain,20652.294631
2016,Gulf Cooperation Council,Kuwait,7089.084043
2006,Gulf Cooperation Council,Bahrain,22717.0
1988,Gulf Cooperation Council,Bahrain,3763.0
2003,Gulf Cooperation Council,Bahrain,8105.0
1999,Gulf Cooperation Council,Kuwait,1783.0
2011,Gulf Cooperation Council,Kuwait,5954.0
2012,Gulf Cooperation Council,Kuwait,6078.0
2000,Gulf Cooperation Council,Kuwait,1802.0
2002,Islamic (Non-Arab Countries),Bangladesh,580.0
2001,Islamic (Non-Arab Countries),Bangladesh,849.0
2014,Islamic (Non-Arab Countries),Malaysia,10789.0
2011,Islamic (Non-Arab Countries),Malaysia,9471.0
2012,Gulf Cooperation Council,Gulf Cooperation Council,96340.0
2011,Gulf Cooperation Council,Gulf Cooperation Council,92536.0
1986,Gulf Cooperation Council,Gulf Cooperation Council,4851.0
1987,Gulf Cooperation Council,Gulf Cooperation Council,6264.0
1985,Gulf Cooperation Council,Gulf Cooperation Council,5191.0
1988,Gulf Cooperation Council,Gulf Cooperation Council,6134.0
2014,Other Arab League Countries,Other Arab League Countries,61874.0
2011,Other Arab League Countries,Other Arab League Countries,63103.0
2013,Other Arab League Countries,Other Arab League Countries,59257.0
2010,Other Arab League Countries,Other Arab League Countries,49753.0
1989,Other Arab League Countries,Other Arab League Countries,3139.0
2015,Gulf Cooperation Council,Oman,5004.713901
2005,Gulf Cooperation Council,Oman,1463.0
2009,Gulf Cooperation Council,Oman,2940.0
1989,Gulf Cooperation Council,Oman,145.0
1984,Gulf Cooperation Council,Oman,29.0
2006,Other Arab League Countries,Other Arab League Countries,41957.0
2007,Other Arab League Countries,Other Arab League Countries,46026.0
2004,Other Arab League Countries,Other Arab League Countries,24319.0
2005,Other Arab League Countries,Other Arab League Countries,35429.0
1993,Other Arab League Countries,Other Arab League Countries,3646.0
1995,Other Arab League Countries,Other Arab League Countries,4802.0
1994,Other Arab League Countries,Other Arab League Countries,3408.0
1996,Other Arab League Countries,Other Arab League Countries,6106.0
1989,Other Arab League Countries,Jordan,109.0
1987,Other Arab League Countries,Jordan,503.0
2016,Gulf Cooperation Council,United Arab Emirates,45154.390789
2013,Gulf Cooperation Council,United Arab Emirates,38896.0
1993,Gulf Cooperation Council,United Arab Emirates,3253.0
1995,Gulf Cooperation Council,United Arab Emirates,5057.0
1984,Gulf Cooperation Council,United Arab Emirates,258.0
2011,Gulf Cooperation Council,Bahrain,36935.0
2010,Gulf Cooperation Council,Bahrain,29849.0
1992,Gulf Cooperation Council,Bahrain,5995.0
1997,Gulf Cooperation Council,Bahrain,6272.0
2001,Gulf Cooperation Council,Bahrain,5304.0
2004,Other Arab League Countries,Morocco,3275.0
2009,Other Arab League Countries,Morocco,5141.0
2016,Other Arab League Countries,Sudan,1807.162537
2013,Other Arab League Countries,Sudan,2061.0
1986,Other Arab League Countries,Sudan,384.0
1988,Other Arab League Countries,Sudan,603.0
1984,Other Arab League Countries,Sudan,437.0
2005,Other Arab League Countries,Lebanon,1674.0
2003,Other Arab League Countries,Lebanon,994.0
1986,Other Arab League Countries,Lebanon,60.0
2015,Other Arab League Countries,Egypt,15181.185189
2016,Other Arab League Countries,Egypt,13974.163121
2007,Other Arab League Countries,Yemen,2738.0
1988,Other Arab League Countries,Egypt,466.0
1990,Other Arab League Countries,Egypt,2423.0
1993,Other Arab League Countries,Egypt,279.0
1986,Other Arab League Countries,Egypt,24.0
2016,Other Arab League Countries,Jordan,8690.750821
2013,Other Arab League Countries,Jordan,16178.0
2010,Other Arab League Countries,Jordan,12849.0
1991,Other Arab League Countries,Jordan,147.0
1995,Other Arab League Countries,Jordan,401.0
1994,Other Arab League Countries,Jordan,372.0
1999,Other Arab League Countries,Jordan,647.0
2000,Other Arab League Countries,Jordan,642.0
2015,Other Arab League Countries,Iraq,1841.122331
2016,Other Arab League Countries,Iraq,2263.575725
2013,Other Arab League Countries,Yemen,5125.0
1997,Other Arab League Countries,Yemen,810.0
1996,Other Arab League Countries,Yemen,610.0
2002,Other Arab League Countries,Yemen,732.0
2000,Other Arab League Countries,Yemen,580.0
2007,Other Arab League Countries,Iraq,1469.0
2010,Other Arab League Countries,Iraq,1905.0
2012,Other Arab League Countries,Iraq,2031.0
2008,Other Arab League Countries,Iraq,2156.0
2009,Other Arab League Countries,Iraq,3050.0
1991,Islamic (Non-Arab Countries),Islamic (Non-Arab Countries),10117.0
1984,Islamic (Non-Arab Countries),Islamic (Non-Arab Countries),6997.0
1990,Islamic (Non-Arab Countries),Islamic (Non-Arab Countries),5916.0
2008,Other Arab League Countries,Sudan,2291.0
1998,Other Arab League Countries,Sudan,398.0
1997,Other Arab League Countries,Sudan,657.0
1991,Other Arab League Countries,Sudan,158.0
2007,Gulf Cooperation Council,United Arab Emirates,31780.0
2009,Gulf Cooperation Council,United Arab Emirates,31921.0
1997,Gulf Cooperation Council,United Arab Emirates,7375.0
1985,Gulf Cooperation Council,Qatar,113.0
2013,Gulf Cooperation Council,Qatar,5813.0
2008,Gulf Cooperation Council,Qatar,6209.0
1986,Gulf Cooperation Council,Qatar,133.0
1992,Gulf Cooperation Council,Qatar,390.0
1994,Gulf Cooperation Council,Qatar,381.0
1987,Gulf Cooperation Council,Oman,89.0
1994,Gulf Cooperation Council,Gulf Cooperation Council,10743.0
1997,Gulf Cooperation Council,Gulf Cooperation Council,17089.0
1990,Gulf Cooperation Council,Gulf Cooperation Council,11066.0
2000,Gulf Cooperation Council,Gulf Cooperation Council,15993.0
2001,Gulf Cooperation Council,Gulf Cooperation Council,14761.0
2006,Gulf Cooperation Council,Gulf Cooperation Council,58593.0
2004,Gulf Cooperation Council,Gulf Cooperation Council,30764.0
1987,Gulf Cooperation Council,Kuwait,680.0
1988,Gulf Cooperation Council,Kuwait,912.0
1990,Gulf Cooperation Council,Kuwait,746.0
1989,Gulf Cooperation Council,Gulf Cooperation Council,8314.0
2015,Islamic (Non-Arab Countries),Bangladesh,2268.420907
2016,Islamic (Non-Arab Countries),Bangladesh,2538.117712
2008,Islamic (Non-Arab Countries),Bangladesh,2028.0
2014,Islamic (Non-Arab Countries),Bangladesh,3196.0
2010,Islamic (Non-Arab Countries),Bangladesh,2274.0
1992,Islamic (Non-Arab Countries),Bangladesh,285.0
2015,Islamic (Non-Arab Countries),Malaysia,7894.132245
2013,Islamic (Non-Arab Countries),Malaysia,8243.0
1985,Islamic (Non-Arab Countries),Malaysia,834.0
1995,Islamic (Non-Arab Countries),Malaysia,595.0
2012,Islamic (Non-Arab Countries),Turkey,16187.0
1992,Islamic (Non-Arab Countries),Turkey,5428.0
1998,Islamic (Non-Arab Countries),Turkey,2320.0
2002,Islamic (Non-Arab Countries),Turkey,2689.0
2003,Islamic (Non-Arab Countries),Turkey,3509.0
2006,Islamic (Non-Arab Countries),Turkey,7771.0
2005,Islamic (Non-Arab Countries),Turkey,6769.0
2009,Islamic (Non-Arab Countries),Turkey,5737.0
2013,North America,United States of America,199060.0
1988,North America,United States of America,19860.0
1991,North America,United States of America,40969.0
1992,North America,United States of America,40168.0
2002,North America,United States of America,53511.0
2005,North America,North America,109580.0
2008,North America,North America,203207.0
2010,North America,Canada,7323.0
2012,North America,Canada,9758.0
2014,North America,Canada,8291.0
2001,South America,South America,3537.0
2006,South America,South America,7586.0
2005,South America,South America,7056.0
2011,South America,Argentina,76.0
2007,South America,Argentina,0.0
2015,South America,Mexico,140.856819
1985,South America,Brazil,3805.0
1993,South America,Brazil,4953.0
1994,South America,Brazil,4911.0
2002,South America,Brazil,2335.0
2011,North America,North America,196844.0
1991,North America,North America,42408.0
1993,North America,North America,29035.0
1995,North America,North America,33092.0
1997,North America,North America,36174.0
2000,North America,North America,60683.0
2004,Oceania,New Zealand,599.0
2005,Oceania,New Zealand,404.0
2009,Oceania,New Zealand,890.0
2000,Oceania,New Zealand,517.0
2013,South America,South America,15385.0
2010,South America,South America,10221.0
1989,South America,South America,2477.0
1991,South America,South America,4981.0
2003,South America,South America,5170.0
1984,South America,South America,4316.0
1994,South America,South America,4986.0
2003,North America,Canada,2282.0
2007,North America,Canada,6563.0
2008,North America,Canada,7686.0
2016,Oceania,New Zealand,1412.09286
1995,Oceania,New Zealand,405.0
2003,Oceania,New Zealand,327.0
1993,Oceania,Australia,1535.0
2003,Oceania,Australia,1317.0
2006,Oceania,Australia,1269.0
2005,Oceania,Australia,1394.0
2008,Oceania,Australia,2018.0
1997,Oceania,Australia,2060.0
2001,Oceania,Australia,2218.0
2011,Grand Total,Grand Total,1367620.0
2012,Grand Total,Grand Total,1456502.0
1993,Grand Total,Grand Total,158770.0
1997,Grand Total,Grand Total,227443.0
2006,Grand Total,Grand Total,791339.0
1988,Europe not European Union,Europe not European Union,1076.0
1994,Europe not European Union,Europe not European Union,1643.0
1984,Europe not European Union,Europe not European Union,5047.0
1996,Europe not European Union,Europe not European Union,797.0
1999,Europe not European Union,Europe not European Union,475.0
2010,Europe not European Union,Europe not European Union,978.0
2015,Other Countries,Other Countries,28268.343944
2007,European Union,Belgium,10877.0
2008,European Union,Belgium,13867.0
2009,European Union,Belgium,8807.0
2015,African (Non-Arab or  Islamic Co.),South Africa,10220.36861
2005,African (Non-Arab or  Islamic Co.),South Africa,11487.0
2015,African (Non-Arab or  Islamic Co.),Kenya,2865.686887
2013,African (Non-Arab or  Islamic Co.),Kenya,1734.0
1989,African (Non-Arab or  Islamic Co.),Kenya,118.0
2014,African (Non-Arab or  Islamic Co.),Kenya,2867.0
1995,African (Non-Arab or  Islamic Co.),Kenya,364.0
1994,African (Non-Arab or  Islamic Co.),Kenya,204.0
2000,African (Non-Arab or  Islamic Co.),Kenya,103.0
1988,African (Non-Arab or  Islamic Co.),Kenya,75.0
1994,Other Countries,Other Countries,149.0
1993,Other Countries,Other Countries,683.0
1990,Other Countries,Other Countries,161.0
2002,Other Countries,Other Countries,83.0
2003,Other Countries,Other Countries,35.0
2008,Other Countries,Other Countries,73.4
2015,Islamic (Non-Arab Countries),Pakistan,10096.599626
1987,Islamic (Non-Arab Countries),Bangladesh,219.0
1984,Islamic (Non-Arab Countries),Bangladesh,179.0
2011,Islamic (Non-Arab Countries),Pakistan,16323.0
2013,Islamic (Non-Arab Countries),Pakistan,14856.0
1992,Islamic (Non-Arab Countries),Pakistan,1929.0
1998,Islamic (Non-Arab Countries),Pakistan,1520.0
2005,Islamic (Non-Arab Countries),Pakistan,9435.0
2004,Europe not European Union,Europe not European Union,1642.0
2009,Europe not European Union,Europe not European Union,995.0
2016,Other Countries,Other Countries,23246.0
1991,Other Countries,Other Countries,262.0
1998,Other Countries,Other Countries,63.0
2001,Other Countries,Other Countries,95.0
2007,Other Countries,Other Countries,24.0
2004,Other Countries,Other Countries,77.0
2009,Other Countries,Other Countries,8.0
1986,Grand Total,Grand Total,74678.0
2013,Europe not European Union,Europe not European Union,1523.0
2001,Europe not European Union,Europe not European Union,576.0
2016,European Union,Belgium,16093.353417
2006,European Union,Belgium,10746.0
2010,European Union,Belgium,12845.0
1995,European Union,Belgium,1845.0
1998,European Union,Belgium,1559.0
1988,European Union,Belgium,1352.0
2003,European Union,Belgium,4440.0
2005,European Union,Belgium,8528.0
2016,European Union,European Union,75529.01575
2011,European Union,European Union,163982.0
2013,European Union,European Union,163154.0
1989,European Union,European Union,20747.0
1984,European Union,European Union,21316.0
2014,South America,Mexico,1259.0
2007,South America,Mexico,1743.0
2004,South America,Mexico,1068.0
2008,South America,Mexico,1522.0
2009,South America,Mexico,1364.0
2012,European Union,European Union,176211.0
2008,European Union,European Union,123840.4
1993,European Union,European Union,34518.0
1992,European Union,European Union,39449.0
1998,European Union,European Union,27246.0
2016,European Union,Germany,1317.634484
2011,European Union,Germany,1560.0
1985,European Union,Germany,2122.0
1988,European Union,Germany,2117.0
1995,European Union,Germany,957.0
1995,European Union,Portugal,1208.0
2003,European Union,Portugal,1129.0
2009,European Union,Portugal,1814.0
2013,European Union,Portugal,3011.0
2012,European Union,Portugal,3616.0
1994,European Union,Portugal,757.0
1998,European Union,Portugal,820.0
2016,European Union,France,12634.665562
2008,European Union,England,3562.0
1989,European Union,France,5549.0
2006,European Union,France,15420.0
2007,European Union,France,15380.0
2015,European Union,Italy,12519.844546
1986,European Union,Greece,1006.0
2011,European Union,France,24679.0
1997,European Union,France,8950.0
1987,European Union,Greece,967.0
2006,European Union,Italy,19359.0
1985,European Union,Italy,3754.0
1991,European Union,Italy,7675.0
2009,European Union,Greece,3799.0
2005,European Union,Greece,8461.0
1989,European Union,Spain,1827.0
1997,European Union,Spain,4230.0
1996,European Union,Spain,4984.0
1999,European Union,Spain,3388.0
1998,European Union,Spain,3048.0
2004,European Union,Spain,8382.0
1984,European Union,Spain,2503.0
2000,European Union,Spain,5013.0
2016,South America,Brazil,5451.97093
2013,South America,Brazil,12670.0
2014,South America,Brazil,11400.0
1987,South America,Brazil,3052.0
1989,South America,Brazil,2452.0
1995,South America,Brazil,4096.0
1999,South America,Brazil,2216.0
2003,South America,Brazil,3249.0
2001,South America,Brazil,2417.0
2004,South America,Brazil,4038.0
2012,European Union,Greece,12331.0
1994,European Union,Greece,2088.0
2002,European Union,Greece,3382.0
2006,European Union,Greece,8758.0
2004,European Union,Greece,6430.0
1989,European Union,Greece,180.0
2014,European Union,Greece,6251.0
1996,European Union,Greece,2546.0
2000,European Union,Greece,3964.0
1990,European Union,Greece,567.0
2007,European Union,Holland,18630.0
2000,European Union,Holland,11592.0
1996,Other Arab League Countries,Morocco,2067.0
2008,Other Arab League Countries,Morocco,9489.0
2007,Other Arab League Countries,Morocco,6214.0
2011,Islamic (Non-Arab Countries),Islamic (Non-Arab Countries),60960.0
2012,Islamic (Non-Arab Countries),Islamic (Non-Arab Countries),62549.0
1986,Islamic (Non-Arab Countries),Islamic (Non-Arab Countries),2417.0
1989,Islamic (Non-Arab Countries),Islamic (Non-Arab Countries),3191.0
2014,Other Arab League Countries,Sudan,1806.0
2011,Other Arab League Countries,Sudan,2176.0
1989,Other Arab League Countries,Sudan,565.0
2010,Other Arab League Countries,Sudan,2216.0
1992,Other Arab League Countries,Sudan,383.0
2002,Other Arab League Countries,Sudan,628.0
2002,Islamic (Non-Arab Countries),Islamic (Non-Arab Countries),14702.0
1993,Islamic (Non-Arab Countries),Islamic (Non-Arab Countries),10043.0
1989,Islamic (Non-Arab Countries),Bangladesh,229.0
2007,Islamic (Non-Arab Countries),Pakistan,13015.0
1988,Islamic (Non-Arab Countries),Pakistan,1292.0
1989,Islamic (Non-Arab Countries),Pakistan,1157.0
1995,Islamic (Non-Arab Countries),Pakistan,1998.0
1989,Asian (Non-Arab or Islamic Co.),China Mainland,165.0
1996,Asian (Non-Arab or Islamic Co.),Singapore,13656.0
1999,Asian (Non-Arab or Islamic Co.),Singapore,11107.0
2001,Asian (Non-Arab or Islamic Co.),Singapore,13429.0
2011,Asian (Non-Arab or Islamic Co.),Taiwan,46848.0
2009,Asian (Non-Arab or Islamic Co.),Taiwan,28151.0
1985,Asian (Non-Arab or Islamic Co.),Taiwan,4651.0
1991,Asian (Non-Arab or Islamic Co.),Taiwan,4968.0
1995,Asian (Non-Arab or Islamic Co.),Taiwan,5470.0
1994,Asian (Non-Arab or Islamic Co.),Taiwan,4320.0
2015,Asian (Non-Arab or Islamic Co.),Philippine,6003.817733
2012,Asian (Non-Arab or Islamic Co.),Philippine,12870.0
2007,Asian (Non-Arab or Islamic Co.),Philippine,12510.0
2014,Asian (Non-Arab or Islamic Co.),Philippine,12050.0
2005,Asian (Non-Arab or Islamic Co.),South Korea,57368.0
1992,Asian (Non-Arab or Islamic Co.),Philippine,2452.0
1996,Asian (Non-Arab or Islamic Co.),Philippine,4529.0
1998,Asian (Non-Arab or Islamic Co.),Philippine,2021.0
2001,Asian (Non-Arab or Islamic Co.),Philippine,3382.0
2004,Asian (Non-Arab or Islamic Co.),Philippine,5130.0
2010,Asian (Non-Arab or Islamic Co.),Thailand,17924.0
2016,Asian (Non-Arab or Islamic Co.),India,63879.803613
2011,Asian (Non-Arab or Islamic Co.),India,103272.0
2013,Asian (Non-Arab or Islamic Co.),India,129444.0
2014,Asian (Non-Arab or Islamic Co.),India,113828.0
1986,Asian (Non-Arab or Islamic Co.),India,1101.0
2003,Asian (Non-Arab or Islamic Co.),India,20804.0
1985,Asian (Non-Arab or Islamic Co.),India,3075.0
2010,Asian (Non-Arab or Islamic Co.),India,71891.0
1984,Asian (Non-Arab or Islamic Co.),India,4199.0
2012,Asian (Non-Arab or Islamic Co.),Singapore,53582.0
1991,Asian (Non-Arab or Islamic Co.),Singapore,9094.0
1992,Asian (Non-Arab or Islamic Co.),Singapore,9868.0
1995,Asian (Non-Arab or Islamic Co.),Singapore,9972.0
2013,Asian (Non-Arab or Islamic Co.),Thailand,25528.0
2008,Asian (Non-Arab or Islamic Co.),Thailand,23765.0
1997,Asian (Non-Arab or Islamic Co.),Thailand,2980.0
2003,Asian (Non-Arab or Islamic Co.),Thailand,5376.0
1991,Asian (Non-Arab or Islamic Co.),Thailand,885.0
1994,Asian (Non-Arab or Islamic Co.),Thailand,868.0
2016,Asian (Non-Arab or Islamic Co.),Japan,72342.363619
2013,Asian (Non-Arab or Islamic Co.),Japan,179825.0
2009,Asian (Non-Arab or Islamic Co.),Japan,108956.0
2014,Asian (Non-Arab or Islamic Co.),Japan,156821.0
1987,Asian (Non-Arab or Islamic Co.),Japan,19283.0
1994,Asian (Non-Arab or Islamic Co.),Japan,25470.0
1998,Asian (Non-Arab or Islamic Co.),Japan,21668.0
2001,Asian (Non-Arab or Islamic Co.),Japan,39099.0
1984,Asian (Non-Arab or Islamic Co.),Japan,42175.0
2000,Asian (Non-Arab or Islamic Co.),Japan,46074.0
2008,Islamic (Non-Arab Countries),Indonesia,15122.0
2015,Islamic (Non-Arab Countries),Turkey,10338.461364
2013,Islamic (Non-Arab Countries),Turkey,15346.0
2008,Islamic (Non-Arab Countries),Turkey,11650.0
1999,Islamic (Non-Arab Countries),Turkey,1944.0
1995,Islamic (Non-Arab Countries),Turkey,4982.0
1994,Islamic (Non-Arab Countries),Turkey,4549.0
1989,Islamic (Non-Arab Countries),Turkey,787.0
1990,Islamic (Non-Arab Countries),Turkey,2838.0
2000,Islamic (Non-Arab Countries),Turkey,3248.0
2015,African (Non-Arab or  Islamic Co.),African (Non-Arab or  Islamic Co.),13358.133301
2016,African (Non-Arab or  Islamic Co.),African (Non-Arab or  Islamic Co.),14645.326278
1994,African (Non-Arab or  Islamic Co.),African (Non-Arab or  Islamic Co.),1523.0
1986,African (Non-Arab or  Islamic Co.),African (Non-Arab or  Islamic Co.),403.0
2007,Islamic (Non-Arab Countries),Bangladesh,1340.0
2011,Islamic (Non-Arab Countries),Bangladesh,2926.0
2013,Islamic (Non-Arab Countries),Bangladesh,3177.0
2012,Islamic (Non-Arab Countries),Bangladesh,3193.0
1996,Islamic (Non-Arab Countries),Bangladesh,377.0
2003,Islamic (Non-Arab Countries),Bangladesh,672.0
2000,Islamic (Non-Arab Countries),Bangladesh,737.0
1987,Islamic (Non-Arab Countries),Malaysia,185.0
1986,Islamic (Non-Arab Countries),Malaysia,118.0
2010,Islamic (Non-Arab Countries),Malaysia,6444.0
2011,Islamic (Non-Arab Countries),Indonesia,17847.0
2006,Islamic (Non-Arab Countries),Indonesia,11484.0
2007,Islamic (Non-Arab Countries),Indonesia,12366.0
1997,Islamic (Non-Arab Countries),Indonesia,1653.0
1992,Islamic (Non-Arab Countries),Indonesia,2862.0
2002,Islamic (Non-Arab Countries),Indonesia,4088.0
1992,Islamic (Non-Arab Countries),Malaysia,371.0
1988,Islamic (Non-Arab Countries),Malaysia,321.0
2012,Islamic (Non-Arab Countries),Indonesia,19739.0
2010,Islamic (Non-Arab Countries),Indonesia,14388.0
1985,Islamic (Non-Arab Countries),Indonesia,3157.0
2014,Islamic (Non-Arab Countries),Indonesia,20949.0
1991,Islamic (Non-Arab Countries),Indonesia,2301.0
1984,Islamic (Non-Arab Countries),Indonesia,2714.0
2000,Islamic (Non-Arab Countries),Malaysia,1706.0
2006,Islamic (Non-Arab Countries),Malaysia,5649.0
2007,Islamic (Non-Arab Countries),Malaysia,6611.0
2004,Islamic (Non-Arab Countries),Malaysia,3398.0
2011,Asian (Non-Arab or Islamic Co.),Philippine,13064.0
1985,Asian (Non-Arab or Islamic Co.),Philippine,1060.0
2002,Asian (Non-Arab or Islamic Co.),Philippine,3694.0
2005,Asian (Non-Arab or Islamic Co.),Philippine,8544.0
1988,Asian (Non-Arab or Islamic Co.),Philippine,366.0
2010,Asian (Non-Arab or Islamic Co.),Philippine,9226.0
2000,Asian (Non-Arab or Islamic Co.),Philippine,4023.0
1999,African (Non-Arab or  Islamic Co.),African (Non-Arab or  Islamic Co.),5391.0
2006,African (Non-Arab or  Islamic Co.),African (Non-Arab or  Islamic Co.),16779.0
2007,African (Non-Arab or  Islamic Co.),African (Non-Arab or  Islamic Co.),17453.0
2011,African (Non-Arab or  Islamic Co.),Kenya,3536.0
1990,African (Non-Arab or  Islamic Co.),Kenya,233.0
1996,African (Non-Arab or  Islamic Co.),Kenya,613.0
1998,African (Non-Arab or  Islamic Co.),Kenya,532.0
2003,African (Non-Arab or  Islamic Co.),Kenya,1212.0
2001,African (Non-Arab or  Islamic Co.),Kenya,841.0
2006,African (Non-Arab or  Islamic Co.),Kenya,2066.0
2009,African (Non-Arab or  Islamic Co.),Kenya,2015.0
2013,African (Non-Arab or  Islamic Co.),South Africa,27208.0
2012,African (Non-Arab or  Islamic Co.),South Africa,27755.0
2003,African (Non-Arab or  Islamic Co.),South Africa,7331.0
2004,African (Non-Arab or  Islamic Co.),South Africa,8876.0
2008,African (Non-Arab or  Islamic Co.),South Africa,18638.0
2009,African (Non-Arab or  Islamic Co.),South Africa,10175.0
2011,African (Non-Arab or  Islamic Co.),Ethiopia,248.0
2012,African (Non-Arab or  Islamic Co.),Ethiopia,246.0
2003,African (Non-Arab or  Islamic Co.),Ethiopia,94.0
1989,Oceania,Oceania,1554.0
2012,Oceania,Oceania,4741.0
1996,Oceania,Oceania,3483.0
1998,Oceania,Oceania,1703.0
2007,Oceania,Oceania,2614.0
2009,Oceania,Oceania,1989.0
1987,Oceania,Australia,802.0
1984,Oceania,Australia,1891.0
2011,Oceania,Australia,1510.0
2012,Oceania,Australia,1616.0
1992,Oceania,Australia,1641.0
1996,Oceania,Australia,2674.0
1986,Oceania,New Zealand,53.0
2015,Oceania,New Zealand,1287.826403
2014,Oceania,New Zealand,928.0
2010,Oceania,New Zealand,911.0
2013,Oceania,New Zealand,1813.0
1990,Oceania,New Zealand,434.0
1994,Oceania,New Zealand,274.0
2007,Oceania,New Zealand,1042.0
1989,North America,North America,27768.0
2015,North America,North America,86533.127258
1992,North America,North America,41742.0
1994,North America,North America,30874.0
1999,North America,North America,38467.0
1998,North America,North America,24541.0
2004,North America,North America,84891.0
1986,North America,United States of America,12393.0
1996,North America,United States of America,39891.0
2001,North America,United States of America,46482.0
2006,North America,United States of America,119239.0
2004,North America,United States of America,81360.0
2005,North America,United States of America,104746.0
2016,North America,Canada,4926.306038
2011,North America,Canada,9322.0
2009,North America,Canada,5482.0
1986,South America,South America,3012.0
1988,South America,South America,3567.0
1999,South America,South America,2802.0
2008,South America,South America,12973.4
2009,South America,South America,7476.0
1986,South America,Brazil,3010.0
1988,South America,Brazil,3402.0
1997,South America,Brazil,3908.0
1998,South America,Brazil,2210.0
2008,South America,Brazil,9790.0
2009,South America,Brazil,5509.0
2014,South America,Argentina,249.0
2012,South America,Argentina,34.0
2004,South America,Argentina,79.0
1987,European Union,European Union,18446.0
1988,European Union,European Union,20414.0
1999,European Union,European Union,31347.0
2002,European Union,European Union,40387.0
2001,European Union,European Union,40374.0
2006,European Union,European Union,103548.0
1986,European Union,Germany,2208.0
1987,European Union,Germany,1211.0
1990,European Union,Germany,984.0
1993,European Union,Germany,1833.0
1997,European Union,Germany,2612.0
2016,Other Arab League Countries,Morocco,1345.268183
1992,Other Arab League Countries,Morocco,1436.0
1999,Other Arab League Countries,Morocco,1213.0
2006,Other Arab League Countries,Morocco,5417.0
1989,Other Arab League Countries,Morocco,156.0
1985,Other Arab League Countries,Morocco,655.0
1988,Other Arab League Countries,Morocco,230.0
2010,Other Arab League Countries,Morocco,8053.0
1984,Other Arab League Countries,Morocco,1285.0
2015,Other Arab League Countries,Syria,252.958768
2008,Other Arab League Countries,Egypt,16799.0
1996,Other Arab League Countries,Egypt,1536.0
1997,Other Arab League Countries,Egypt,2286.0
2006,Other Arab League Countries,Syria,2222.0
2008,Other Arab League Countries,Syria,2868.0
1995,Other Arab League Countries,Syria,279.0
1986,Other Arab League Countries,Syria,49.0
1989,Other Arab League Countries,Syria,45.0
1986,Gulf Cooperation Council,Bahrain,3256.0
1987,Gulf Cooperation Council,Bahrain,4370.0
1984,Gulf Cooperation Council,Bahrain,4916.0
1989,Gulf Cooperation Council,Bahrain,4777.0
1993,Gulf Cooperation Council,Kuwait,1561.0
2006,Gulf Cooperation Council,Kuwait,4869.0
2007,Gulf Cooperation Council,Kuwait,5711.0
2004,Gulf Cooperation Council,Kuwait,4081.0
2008,Gulf Cooperation Council,Kuwait,5629.0
2009,Gulf Cooperation Council,Kuwait,4932.0
2007,Islamic (Non-Arab Countries),Islamic (Non-Arab Countries),44525.0
2005,Islamic (Non-Arab Countries),Islamic (Non-Arab Countries),32251.0
1997,Islamic (Non-Arab Countries),Islamic (Non-Arab Countries),9176.0
1998,Islamic (Non-Arab Countries),Islamic (Non-Arab Countries),7264.0
2013,African (Non-Arab or  Islamic Co.),African (Non-Arab or  Islamic Co.),30758.0
2014,African (Non-Arab or  Islamic Co.),African (Non-Arab or  Islamic Co.),26725.0
1997,African (Non-Arab or  Islamic Co.),African (Non-Arab or  Islamic Co.),3277.0
1988,African (Non-Arab or  Islamic Co.),African (Non-Arab or  Islamic Co.),731.0
2006,Asian (Non-Arab or Islamic Co.),Philippine,10751.0
2008,Asian (Non-Arab or Islamic Co.),Philippine,17742.0
2001,Asian (Non-Arab or Islamic Co.),South Korea,24621.0
2013,Asian (Non-Arab or Islamic Co.),Philippine,9818.0
1995,Asian (Non-Arab or Islamic Co.),Philippine,3659.0
1994,Asian (Non-Arab or Islamic Co.),Philippine,2666.0
1986,Asian (Non-Arab or Islamic Co.),Asian (Non-Arab or Islamic Co.),23446.0
1987,Asian (Non-Arab or Islamic Co.),Asian (Non-Arab or Islamic Co.),33247.0
1989,Asian (Non-Arab or Islamic Co.),Asian (Non-Arab or Islamic Co.),35864.0
2016,Islamic (Non-Arab Countries),Indonesia,8285.189736
1996,Islamic (Non-Arab Countries),Indonesia,1380.0
1998,Islamic (Non-Arab Countries),Indonesia,2280.0
2000,Islamic (Non-Arab Countries),Indonesia,4071.0
2001,Islamic (Non-Arab Countries),Turkey,2635.0
2007,Islamic (Non-Arab Countries),Turkey,8872.0
1987,Islamic (Non-Arab Countries),Turkey,711.0
2000,Asian (Non-Arab or Islamic Co.),Asian (Non-Arab or Islamic Co.),127419.0
2014,Asian (Non-Arab or Islamic Co.),Asian (Non-Arab or Islamic Co.),685489.0
2015,Asian (Non-Arab or Islamic Co.),Japan,80682.659035
2008,Asian (Non-Arab or Islamic Co.),Japan,178823.0
1999,Asian (Non-Arab or Islamic Co.),Japan,28496.0
1992,Asian (Non-Arab or Islamic Co.),Japan,30791.0
1997,Asian (Non-Arab or Islamic Co.),Japan,39361.0
2003,Asian (Non-Arab or Islamic Co.),Japan,49325.0
1987,Asian (Non-Arab or Islamic Co.),India,1765.0
1990,Asian (Non-Arab or Islamic Co.),Japan,31559.0
2004,Asian (Non-Arab or Islamic Co.),China Mainland,22787.0
2005,Asian (Non-Arab or Islamic Co.),China Mainland,40519.0
2015,Asian (Non-Arab or Islamic Co.),South Korea,66099.106794
1992,Asian (Non-Arab or Islamic Co.),South Korea,12770.0
1994,Asian (Non-Arab or Islamic Co.),South Korea,12999.0
1998,Asian (Non-Arab or Islamic Co.),South Korea,13886.0
1999,Asian (Non-Arab or Islamic Co.),South Korea,20429.0
1989,Asian (Non-Arab or Islamic Co.),South Korea,2100.0
2000,Asian (Non-Arab or Islamic Co.),South Korea,31273.0
1990,Asian (Non-Arab or Islamic Co.),South Korea,6254.0
2016,Asian (Non-Arab or Islamic Co.),China Mainland,79916.120973
2015,Asian (Non-Arab or Islamic Co.),China Mainland,92069.10538
1990,Asian (Non-Arab or Islamic Co.),China Mainland,158.0
1985,Asian (Non-Arab or Islamic Co.),China Mainland,41.0
2003,Asian (Non-Arab or Islamic Co.),Taiwan,12279.0
2012,Asian (Non-Arab or Islamic Co.),Taiwan,50277.0
2005,Asian (Non-Arab or Islamic Co.),Taiwan,24366.0
1992,Asian (Non-Arab or Islamic Co.),Taiwan,4795.0
1988,Asian (Non-Arab or Islamic Co.),Taiwan,3955.0
2010,Asian (Non-Arab or Islamic Co.),Taiwan,37685.0
2008,Islamic (Non-Arab Countries),Islamic (Non-Arab Countries),54644.0
1985,Islamic (Non-Arab Countries),Bangladesh,249.0
2014,Islamic (Non-Arab Countries),Pakistan,14212.0
1993,Islamic (Non-Arab Countries),Pakistan,1838.0
1984,Islamic (Non-Arab Countries),Pakistan,1980.0
2001,Islamic (Non-Arab Countries),Pakistan,4119.0
1990,Islamic (Non-Arab Countries),Pakistan,1682.0
1996,Islamic (Non-Arab Countries),Pakistan,2026.0
2009,Islamic (Non-Arab Countries),Pakistan,9487.0
2000,Islamic (Non-Arab Countries),Pakistan,4766.0
2015,Asian (Non-Arab or Islamic Co.),Singapore,29145.248198
1997,Asian (Non-Arab or Islamic Co.),Singapore,15645.0
2003,Asian (Non-Arab or Islamic Co.),Singapore,15940.0
2011,Asian (Non-Arab or Islamic Co.),Singapore,60398.0
2008,Asian (Non-Arab or Islamic Co.),Singapore,43693.0
2009,Asian (Non-Arab or Islamic Co.),Singapore,31429.0
2010,Asian (Non-Arab or Islamic Co.),Singapore,37931.0
1984,Asian (Non-Arab or Islamic Co.),Singapore,7099.0
2013,Other Countries,Other Countries,2.0
2014,Other Countries,Other Countries,2.0
2016,Grand Total,Grand Total,688423.048954
1988,Grand Total,Grand Total,91288.0
2015,European Union,European Union,84059.917037
1986,European Union,European Union,23289.0
1994,European Union,European Union,34819.0
2004,European Union,European Union,75913.0
1996,European Union,European Union,42488.0
2014,European Union,Germany,1026.0
1984,European Union,Germany,2365.0
1989,European Union,Germany,927.0
2000,European Union,Germany,3056.0
2010,European Union,Germany,952.0
2002,European Union,Portugal,1257.0
2004,European Union,Portugal,1395.0
1984,European Union,Portugal,1205.0
1989,European Union,Portugal,614.0
2010,European Union,Portugal,2699.0
1993,European Union,Portugal,568.0
1992,European Union,Portugal,869.0
2001,European Union,England,3369.0
1986,European Union,France,4133.0
1987,European Union,France,2307.0
2015,European Union,Holland,13006.960922
2016,European Union,England,5245.01506
2004,European Union,Holland,18216.0
2006,European Union,Holland,24331.0
2006,European Union,Germany,4729.0
1992,European Union,Holland,9926.0
1999,European Union,Holland,7845.0
1984,European Union,Holland,2430.0
1992,European Union,England,3702.0
2014,European Union,England,9543.0
2012,European Union,Belgium,19793.0
1991,European Union,Belgium,452.0
1992,European Union,Belgium,141.0
1989,European Union,Belgium,888.0
1994,European Union,Belgium,383.0
2016,European Union,Spain,11076.80262
2006,European Union,Spain,13417.0
2011,European Union,Spain,27770.0
1987,European Union,Spain,2095.0
1993,European Union,Spain,2392.0
2005,European Union,France,16102.0
2000,European Union,France,10910.0
1994,European Union,France,8471.0
1996,European Union,France,9033.0
1998,European Union,France,5456.0
2002,European Union,France,7738.0
2010,European Union,Italy,15529.0
2011,European Union,Italy,38611.0
1989,European Union,Italy,4305.0
1990,European Union,Italy,5978.0
1991,European Union,Greece,1206.0
1992,European Union,Greece,2795.0
1999,European Union,Greece,2321.0
2001,European Union,Greece,3554.0
2004,European Union,Italy,12553.0
1993,European Union,Italy,7971.0
1998,European Union,Italy,4908.0
2001,European Union,Italy,6621.0
1995,European Union,Italy,7398.0
2000,European Union,Italy,6971.0
2016,African (Non-Arab or  Islamic Co.),Ethiopia,285.956545
2008,African (Non-Arab or  Islamic Co.),Ethiopia,0.0
1991,Oceania,Australia,1677.0
1986,Oceania,Australia,705.0
2010,Oceania,Oceania,1890.0
1994,Oceania,Oceania,1717.0
2011,Oceania,Oceania,3993.0
1995,Oceania,Oceania,2619.0
2002,Oceania,Oceania,2335.0
2006,Oceania,Oceania,2356.0
2012,Gulf Cooperation Council,United Arab Emirates,38927.0
1998,Gulf Cooperation Council,United Arab Emirates,4912.0
2002,Gulf Cooperation Council,United Arab Emirates,6460.0
2003,Gulf Cooperation Council,United Arab Emirates,9812.0
1985,Gulf Cooperation Council,United Arab Emirates,518.0
2000,Gulf Cooperation Council,United Arab Emirates,5886.0
2004,Gulf Cooperation Council,Bahrain,11507.0
2009,Gulf Cooperation Council,Bahrain,24534.0
1994,Gulf Cooperation Council,Bahrain,5017.0
2001,Gulf Cooperation Council,Kuwait,1565.0
1986,Other Arab League Countries,Other Arab League Countries,2480.0
1991,Other Arab League Countries,Other Arab League Countries,5198.0
1997,Other Arab League Countries,Other Arab League Countries,7414.0
1998,Other Arab League Countries,Other Arab League Countries,6051.0
2001,Other Arab League Countries,Other Arab League Countries,8239.0
2002,Other Arab League Countries,Other Arab League Countries,8936.0
2015,Other Arab League Countries,Jordan,11788.67407
1988,Other Arab League Countries,Jordan,414.0
1997,Other Arab League Countries,Jordan,458.0
2002,Other Arab League Countries,Jordan,753.0
1993,Gulf Cooperation Council,Gulf Cooperation Council,10367.0
2014,Gulf Cooperation Council,Gulf Cooperation Council,97413.0
2015,Gulf Cooperation Council,Kuwait,6393.984578
1989,Gulf Cooperation Council,Kuwait,1096.0
1995,Gulf Cooperation Council,Kuwait,1750.0
1996,Gulf Cooperation Council,Kuwait,1709.0
2005,European Union,Holland,24308.0
1984,European Union,England,1953.0
1989,European Union,England,1620.0
1997,European Union,England,1996.0
2012,European Union,England,7652.0
2002,European Union,England,2740.0
2007,European Union,England,4175.0
2000,European Union,England,3223.0
2014,African (Non-Arab or  Islamic Co.),South Africa,21689.0
2015,African (Non-Arab or  Islamic Co.),Ethiopia,272.077804
2005,African (Non-Arab or  Islamic Co.),Kenya,1755.0
2008,African (Non-Arab or  Islamic Co.),Kenya,3499.0
2015,Oceania,Australia,1595.231805
1988,Oceania,Australia,1017.0
2015,Oceania,Oceania,2883.058208
1993,Oceania,Oceania,1890.0
2005,Oceania,Oceania,1799.0
1992,Oceania,Oceania,2027.0
2010,North America,United States of America,124675.0
1987,North America,United States of America,17009.0
1993,North America,United States of America,27715.0
1994,North America,United States of America,29518.0
2009,North America,United States of America,85532.0
2000,North America,United States of America,58832.0
1985,North America,United States of America,5465.0
1984,North America,United States of America,8862.0
2010,North America,North America,131997.0
1990,North America,North America,41496.0
1988,North America,North America,20262.0
1985,North America,North America,5576.0
2006,Oceania,New Zealand,1087.0
1987,Oceania,New Zealand,244.0
1988,Oceania,New Zealand,265.0
1999,Oceania,New Zealand,333.0
2002,Oceania,New Zealand,273.0
1998,Oceania,Australia,1271.0
1995,Oceania,Australia,2212.0
2002,Oceania,Australia,2062.0
2016,South America,South America,6665.574848
2011,South America,South America,17616.0
2012,South America,South America,14229.0
1987,South America,South America,3396.0
1997,South America,South America,4213.0
2004,South America,South America,5494.0
1990,South America,South America,5551.0
1995,South America,South America,4232.0
2000,South America,South America,4411.0
2015,North America,Canada,6008.246399
2015,Grand Total,Grand Total,763312.728578
1991,Grand Total,Grand Total,178636.0
1999,Grand Total,Grand Total,190084.0
1998,Grand Total,Grand Total,145388.0
2002,Grand Total,Grand Total,271741.0
2010,Grand Total,Grand Total,941785.0
2003,European Union,Holland,10338.0
2010,European Union,Holland,12730.0
1999,European Union,Germany,1886.0
2002,European Union,Germany,1924.0
2009,European Union,Germany,1598.0
2011,European Union,Holland,31667.0
1985,European Union,Holland,5742.0
1988,European Union,Holland,4955.0
1995,European Union,Holland,8703.0
1994,European Union,Holland,7685.0
1995,Gulf Cooperation Council,Gulf Cooperation Council,13448.0
2016,Asian (Non-Arab or Islamic Co.),Asian (Non-Arab or Islamic Co.),346215.548271
2013,Asian (Non-Arab or Islamic Co.),Asian (Non-Arab or Islamic Co.),765253.0
2012,Asian (Non-Arab or Islamic Co.),Asian (Non-Arab or Islamic Co.),784397.0
1985,Asian (Non-Arab or Islamic Co.),Asian (Non-Arab or Islamic Co.),44635.0
1990,Asian (Non-Arab or Islamic Co.),Asian (Non-Arab or Islamic Co.),60467.0
2009,Islamic (Non-Arab Countries),Indonesia,11079.0
1991,Islamic (Non-Arab Countries),Turkey,5235.0
1996,Islamic (Non-Arab Countries),Turkey,5844.0
2004,Islamic (Non-Arab Countries),Turkey,4539.0
2010,Islamic (Non-Arab Countries),Turkey,9012.0
2001,Asian (Non-Arab or Islamic Co.),Asian (Non-Arab or Islamic Co.),116226.0
1995,Asian (Non-Arab or Islamic Co.),Asian (Non-Arab or Islamic Co.),78376.0
2015,Asian (Non-Arab or Islamic Co.),India,72052.057139
2007,Asian (Non-Arab or Islamic Co.),Japan,134007.0
1986,Asian (Non-Arab or Islamic Co.),Japan,15137.0
1996,Asian (Non-Arab or Islamic Co.),Japan,34221.0
2002,Asian (Non-Arab or Islamic Co.),Japan,38974.0
2004,Asian (Non-Arab or Islamic Co.),Japan,67006.0
1988,Asian (Non-Arab or Islamic Co.),India,2558.0
1995,Asian (Non-Arab or Islamic Co.),India,5844.0
2012,Asian (Non-Arab or Islamic Co.),China Mainland,188229.0
2008,Asian (Non-Arab or Islamic Co.),China Mainland,104954.0
1995,Asian (Non-Arab or Islamic Co.),China Mainland,1041.0
1998,Asian (Non-Arab or Islamic Co.),China Mainland,1231.0
2009,Asian (Non-Arab or Islamic Co.),China Mainland,80417.0
2000,Asian (Non-Arab or Islamic Co.),China Mainland,5630.0
1991,Asian (Non-Arab or Islamic Co.),China Mainland,346.0
2016,Asian (Non-Arab or Islamic Co.),South Korea,57432.48457
2013,Asian (Non-Arab or Islamic Co.),South Korea,131750.0
1987,Asian (Non-Arab or Islamic Co.),South Korea,2728.0
2014,Asian (Non-Arab or Islamic Co.),China Mainland,160680.0
2010,Asian (Non-Arab or Islamic Co.),China Mainland,112210.0
1986,Asian (Non-Arab or Islamic Co.),China Mainland,55.0
2006,Asian (Non-Arab or Islamic Co.),Taiwan,29044.0
2007,Asian (Non-Arab or Islamic Co.),Taiwan,32605.0
2005,Islamic (Non-Arab Countries),Indonesia,9170.0
1991,Islamic (Non-Arab Countries),Malaysia,295.0
1993,Islamic (Non-Arab Countries),Malaysia,483.0
1990,Islamic (Non-Arab Countries),Malaysia,297.0
1997,Asian (Non-Arab or Islamic Co.),China Mainland,1582.0
1993,Asian (Non-Arab or Islamic Co.),China Mainland,255.0
1992,Asian (Non-Arab or Islamic Co.),China Mainland,243.0
1988,Asian (Non-Arab or Islamic Co.),South Korea,1727.0
1996,Asian (Non-Arab or Islamic Co.),South Korea,23931.0
2004,Asian (Non-Arab or Islamic Co.),South Korea,40382.0
2002,Asian (Non-Arab or Islamic Co.),South Korea,25813.0
1984,Asian (Non-Arab or Islamic Co.),South Korea,4079.0
2015,Asian (Non-Arab or Islamic Co.),Asian (Non-Arab or Islamic Co.),383471.983589
2003,Asian (Non-Arab or Islamic Co.),Asian (Non-Arab or Islamic Co.),156347.0
2005,Asian (Non-Arab or Islamic Co.),Asian (Non-Arab or Islamic Co.),326920.0
2007,Asian (Non-Arab or Islamic Co.),Asian (Non-Arab or Islamic Co.),432558.0
2008,Asian (Non-Arab or Islamic Co.),Asian (Non-Arab or Islamic Co.),604576.0
1992,Asian (Non-Arab or Islamic Co.),Asian (Non-Arab or Islamic Co.),67862.0
1988,Asian (Non-Arab or Islamic Co.),Asian (Non-Arab or Islamic Co.),30816.0
1993,Asian (Non-Arab or Islamic Co.),Asian (Non-Arab or Islamic Co.),60157.0
1996,Asian (Non-Arab or Islamic Co.),Asian (Non-Arab or Islamic Co.),96156.0
1998,Asian (Non-Arab or Islamic Co.),Asian (Non-Arab or Islamic Co.),59797.0
1996,African (Non-Arab or  Islamic Co.),African (Non-Arab or  Islamic Co.),2750.0
2002,African (Non-Arab or  Islamic Co.),African (Non-Arab or  Islamic Co.),7187.0
2001,African (Non-Arab or  Islamic Co.),African (Non-Arab or  Islamic Co.),6720.0
2016,African (Non-Arab or  Islamic Co.),Kenya,3657.943759
1985,African (Non-Arab or  Islamic Co.),Kenya,165.0
1997,African (Non-Arab or  Islamic Co.),Kenya,867.0
2015,South America,Argentina,550.709482
2016,South America,Argentina,854.366959
2010,South America,Argentina,206.0
2012,South America,Brazil,10987.0
1992,South America,Brazil,5332.0
1996,South America,Brazil,4903.0
2006,South America,Brazil,5977.0
2005,South America,Brazil,5178.0
1984,South America,Brazil,4043.0
2016,European Union,Greece,3244.019708
1995,European Union,Greece,1730.0
1984,European Union,Greece,1793.0
2013,European Union,Greece,5591.0
1993,European Union,Greece,2672.0
2007,European Union,Greece,7032.0
2011,European Union,Greece,8555.0
1985,European Union,Greece,746.0
1985,European Union,Spain,764.0
2012,European Union,Holland,33298.0
2014,European Union,Holland,24000.0
1999,European Union,England,1637.0
1993,European Union,Holland,6821.0
2002,European Union,Holland,6989.0
2001,European Union,Holland,7971.0
1988,European Union,England,2043.0
1993,European Union,England,5167.0
1990,European Union,Holland,7857.0
1991,European Union,England,3525.0
1988,Other Countries,Other Countries,272.0
1999,Other Countries,Other Countries,116.0
1995,Other Countries,Other Countries,248.0
2006,Other Countries,Other Countries,14.0
2011,Other Countries,Other Countries,5.0
2010,Other Countries,Other Countries,4.0
2014,Grand Total,Grand Total,1284122.0
1989,Grand Total,Grand Total,106294.0
1987,Grand Total,Grand Total,86880.0
2014,European Union,European Union,156468.0
1991,European Union,European Union,37102.0
2008,South America,Argentina,109.0
2013,South America,Argentina,26.0
2005,South America,Argentina,0.0
2009,South America,Argentina,0.0
2016,South America,Mexico,359.236959
2013,South America,Mexico,1205.0
2010,South America,Mexico,1503.0
2012,South America,Mexico,2149.0
2011,European Union,Belgium,18305.0
1984,European Union,Belgium,1018.0
1997,European Union,Belgium,2098.0
1987,European Union,Belgium,665.0
2015,European Union,Spain,13529.695768
2009,European Union,Spain,12274.0
2014,European Union,Spain,26962.0
1992,European Union,Spain,4149.0
2001,European Union,Spain,4428.0
1996,European Union,Portugal,1426.0
2011,European Union,Portugal,4353.0
2000,European Union,Portugal,1460.0
1986,European Union,Portugal,323.0
2015,European Union,France,15836.774971
2009,European Union,England,2612.0
2010,European Union,France,15739.0
2014,European Union,France,31662.0
2013,European Union,France,32191.0
2012,European Union,France,26002.0
2009,European Union,France,11557.0
2016,European Union,Italy,10375.106638
2003,European Union,France,8774.0
2001,European Union,France,7459.0
1990,European Union,France,7917.0
2013,European Union,Italy,34115.0
2003,European Union,Germany,1682.0
2001,European Union,Germany,1714.0
2004,European Union,Germany,3135.0
2008,European Union,Germany,5588.0
1989,European Union,Holland,4746.0
2016,European Union,Holland,13594.865272
1991,European Union,Holland,10802.0
1997,European Union,Holland,10612.0
2009,European Union,Holland,13436.0
1985,European Union,England,1873.0
2010,European Union,England,3461.0
2013,European Union,England,11683.0
1994,European Union,England,3148.0
1996,European Union,England,1685.0
2006,European Union,England,3843.0
1985,European Union,Portugal,1082.0
1988,European Union,Portugal,566.0
2015,European Union,Portugal,2577.797022
2014,European Union,Portugal,3965.0
1990,European Union,Portugal,607.0
1999,European Union,Portugal,927.0
2001,European Union,Portugal,1135.0
2005,European Union,Portugal,1857.0
1984,European Union,France,5662.0
1985,European Union,France,4984.0
1993,European Union,France,6960.0
1995,European Union,France,7347.0
1999,European Union,France,7469.0
2008,European Union,France,18568.0
1988,European Union,Italy,2907.0
1994,European Union,Italy,8142.0
1997,European Union,Italy,8004.0
1999,European Union,Italy,4428.0
2005,European Union,Italy,20145.0
2008,European Union,Italy,22902.0
1988,European Union,Greece,500.0
1997,European Union,Greece,2638.0
2003,European Union,Greece,4485.0
1988,European Union,Spain,1443.0
2010,European Union,Spain,17763.0
1994,European Union,Spain,2141.0
2003,European Union,Spain,6536.0
2005,European Union,Spain,11134.0
2014,European Union,Belgium,24042.0
2013,European Union,Belgium,20340.0
1993,European Union,Belgium,130.0
2001,European Union,Belgium,3314.0
1985,Europe not European Union,Europe not European Union,3329.0
1989,Europe not European Union,Europe not European Union,2292.0
2015,Europe not European Union,Europe not European Union,553.845356
2016,Europe not European Union,Europe not European Union,1356.273332
2011,Europe not European Union,Europe not European Union,1342.0
2012,Europe not European Union,Europe not European Union,1772.0
1991,Europe not European Union,Europe not European Union,2204.0
1990,Europe not European Union,Europe not European Union,2342.0
1998,Europe not European Union,Europe not European Union,258.0
2003,Europe not European Union,Europe not European Union,1710.0
2000,Europe not European Union,Europe not European Union,365.0
2008,Europe not European Union,Europe not European Union,1516.4
1984,Other Countries,Other Countries,3399.0
1985,Other Countries,Other Countries,2103.0
1989,Other Countries,Other Countries,177.0
1992,Other Countries,Other Countries,239.0
1997,Other Countries,Other Countries,132.0
2005,Other Countries,Other Countries,18.0
1985,Grand Total,Grand Total,99536.0
1990,Grand Total,Grand Total,166339.0
1992,Grand Total,Grand Total,188325.0
1994,Grand Total,Grand Total,159590.0
2009,Grand Total,Grand Total,721109.0
1984,Asian (Non-Arab or Islamic Co.),Asian (Non-Arab or Islamic Co.),68682.0
1993,Islamic (Non-Arab Countries),Indonesia,1325.0
1994,Islamic (Non-Arab Countries),Indonesia,1833.0
2001,Islamic (Non-Arab Countries),Indonesia,3802.0
2004,Islamic (Non-Arab Countries),Indonesia,6871.0
2016,Islamic (Non-Arab Countries),Turkey,8581.679738
2014,Islamic (Non-Arab Countries),Turkey,13558.0
1993,Islamic (Non-Arab Countries),Turkey,5221.0
1997,Islamic (Non-Arab Countries),Turkey,3496.0
1985,Islamic (Non-Arab Countries),Turkey,785.0
2002,Asian (Non-Arab or Islamic Co.),Asian (Non-Arab or Islamic Co.),121897.0
2011,Asian (Non-Arab or Islamic Co.),Asian (Non-Arab or Islamic Co.),741564.0
2006,Asian (Non-Arab or Islamic Co.),Asian (Non-Arab or Islamic Co.),394555.0
2004,Asian (Non-Arab or Islamic Co.),Asian (Non-Arab or Islamic Co.),210853.0
2009,Asian (Non-Arab or Islamic Co.),Asian (Non-Arab or Islamic Co.),392472.0
2010,Asian (Non-Arab or Islamic Co.),Asian (Non-Arab or Islamic Co.),518558.0
1994,Asian (Non-Arab or Islamic Co.),Asian (Non-Arab or Islamic Co.),59942.0
1999,Asian (Non-Arab or Islamic Co.),Asian (Non-Arab or Islamic Co.),81118.0
2012,Asian (Non-Arab or Islamic Co.),Japan,192201.0
1988,Asian (Non-Arab or Islamic Co.),Japan,15416.0
2006,Asian (Non-Arab or Islamic Co.),China Mainland,49556.0
2001,Asian (Non-Arab or Islamic Co.),China Mainland,8159.0
2011,Asian (Non-Arab or Islamic Co.),South Korea,137392.0
2012,Asian (Non-Arab or Islamic Co.),South Korea,133585.0
1993,Asian (Non-Arab or Islamic Co.),South Korea,11931.0
1986,Asian (Non-Arab or Islamic Co.),South Korea,1521.0
1997,Asian (Non-Arab or Islamic Co.),South Korea,23149.0
2010,Asian (Non-Arab or Islamic Co.),South Korea,92431.0
1986,Asian (Non-Arab or Islamic Co.),Philippine,403.0
1987,Asian (Non-Arab or Islamic Co.),Philippine,647.0
2009,Asian (Non-Arab or Islamic Co.),Thailand,13884.0
2004,Asian (Non-Arab or Islamic Co.),Thailand,8365.0
2006,Islamic (Non-Arab Countries),Bangladesh,1352.0
1994,Islamic (Non-Arab Countries),Bangladesh,329.0
1999,Islamic (Non-Arab Countries),Bangladesh,461.0
2004,Islamic (Non-Arab Countries),Bangladesh,684.0
2016,Islamic (Non-Arab Countries),Malaysia,7149.925037
1986,Islamic (Non-Arab Countries),Indonesia,255.0
1984,Islamic (Non-Arab Countries),Malaysia,1304.0
2003,Islamic (Non-Arab Countries),Malaysia,2354.0
2005,Islamic (Non-Arab Countries),Malaysia,4465.0
1994,Islamic (Non-Arab Countries),Malaysia,392.0
2014,Asian (Non-Arab or Islamic Co.),Thailand,22782.0
1998,Asian (Non-Arab or Islamic Co.),Thailand,1607.0
2001,Asian (Non-Arab or Islamic Co.),Thailand,4042.0
1989,Asian (Non-Arab or Islamic Co.),Thailand,940.0
2006,Asian (Non-Arab or Islamic Co.),India,48520.0
2008,Asian (Non-Arab or Islamic Co.),India,85295.0
1989,Asian (Non-Arab or Islamic Co.),India,2571.0
1991,Asian (Non-Arab or Islamic Co.),India,4103.0
1992,Asian (Non-Arab or Islamic Co.),India,5369.0
1999,Asian (Non-Arab or Islamic Co.),India,8175.0
1998,African (Non-Arab or  Islamic Co.),African (Non-Arab or  Islamic Co.),3335.0
2000,African (Non-Arab or  Islamic Co.),African (Non-Arab or  Islamic Co.),7481.0
2009,African (Non-Arab or  Islamic Co.),African (Non-Arab or  Islamic Co.),14350.0
2012,African (Non-Arab or  Islamic Co.),Kenya,3707.0
1991,African (Non-Arab or  Islamic Co.),Kenya,198.0
2006,African (Non-Arab or  Islamic Co.),South Africa,12060.0
2007,African (Non-Arab or  Islamic Co.),South Africa,13669.0
2010,African (Non-Arab or  Islamic Co.),Ethiopia,167.0
2005,African (Non-Arab or  Islamic Co.),Ethiopia,70.0
2009,African (Non-Arab or  Islamic Co.),Ethiopia,106.0
1988,Oceania,Oceania,1505.0
2014,Oceania,Oceania,2812.0
2016,Oceania,Oceania,2613.770599
2013,Oceania,Oceania,3042.5
1990,Oceania,Oceania,1600.0
1999,Oceania,Oceania,1937.0
2003,Oceania,Oceania,1644.0
2001,Oceania,Oceania,2586.0
2014,Oceania,Australia,1804.0
2010,Oceania,Australia,970.0
2013,Oceania,Australia,1227.0
1990,Oceania,Australia,1166.0
2000,Oceania,Australia,2344.0
2004,Oceania,Australia,946.0
2009,Oceania,Australia,1091.0
1984,Oceania,New Zealand,371.0
1989,Oceania,New Zealand,380.0
2011,Oceania,New Zealand,2474.0
1991,Oceania,New Zealand,607.0
1993,Oceania,New Zealand,342.0
1992,Oceania,New Zealand,385.0
1996,Oceania,New Zealand,676.0
2008,Oceania,New Zealand,1191.0
2013,North America,North America,208774.0
1996,North America,North America,41607.0
2003,North America,North America,67666.0
2001,North America,North America,47866.0
2006,North America,North America,124665.0
2009,North America,North America,91014.0
2014,North America,United States of America,162460.0
2016,North America,United States of America,66128.136463
2012,North America,United States of America,208339.0
1990,North America,United States of America,39890.0
2003,North America,United States of America,65385.0
2006,North America,Canada,5426.0
1985,South America,South America,4416.0
2015,South America,South America,6760.452144
2007,South America,South America,8798.0
2015,South America,Brazil,6068.885843
2011,South America,Brazil,12746.0
2010,South America,Brazil,7627.0
1991,South America,Brazil,4933.0
1990,South America,Brazil,5482.0
2000,South America,Brazil,3505.0
2007,South America,Brazil,6405.0
2003,South America,Argentina,12.0
2006,South America,Argentina,0.0
2011,South America,Mexico,2798.0
2003,South America,Mexico,698.0
2006,South America,Mexico,1165.0
2005,South America,Mexico,1481.0
1985,European Union,European Union,20652.0
2010,European Union,European Union,89473.0
1990,European Union,European Union,29472.0
1997,European Union,European Union,43521.0
2003,European Union,European Union,50939.0
2005,European Union,European Union,102346.0
2012,European Union,Germany,1378.0
1991,European Union,Germany,1009.0
1992,European Union,Germany,1992.0
1994,European Union,Germany,1980.0
1998,European Union,Germany,1514.0
2007,European Union,Germany,4401.0
1986,European Union,Holland,3636.0
1987,European Union,Holland,5337.0
2013,European Union,Holland,23113.0
1996,European Union,Holland,9725.0
1998,European Union,Holland,6043.0
1998,Gulf Cooperation Council,Kuwait,1887.0
1991,Gulf Cooperation Council,Kuwait,2501.0
1986,Gulf Cooperation Council,Kuwait,410.0
1985,Gulf Cooperation Council,Kuwait,292.0
2007,Other Arab League Countries,Jordan,12139.0
2006,Other Arab League Countries,Jordan,12148.0
2005,Other Arab League Countries,Jordan,10238.0
2009,Other Arab League Countries,Jordan,11121.0
2003,Other Arab League Countries,Jordan,4029.0
1989,Other Arab League Countries,Yemen,596.0
1986,Other Arab League Countries,Iraq,169.0
2014,Other Arab League Countries,Iraq,3435.0
1984,Other Arab League Countries,Iraq,104.0
2000,Other Arab League Countries,Iraq,87.0
2004,Other Arab League Countries,Lebanon,1596.0
1996,Other Arab League Countries,Lebanon,347.0
2013,Other Arab League Countries,Egypt,12056.0
2005,Other Arab League Countries,Egypt,7666.0
2011,Other Arab League Countries,Syria,3399.0
2010,Other Arab League Countries,Syria,3041.0
1996,Other Arab League Countries,Syria,292.0
1987,Other Arab League Countries,Syria,58.0
1988,Other Arab League Countries,Syria,49.0
1984,Other Arab League Countries,Syria,25.0
2015,Gulf Cooperation Council,Qatar,6797.586748
1988,Gulf Cooperation Council,Qatar,203.0
1993,Gulf Cooperation Council,Qatar,312.0
1990,Gulf Cooperation Council,Qatar,461.0
2016,Gulf Cooperation Council,Oman,3275.427329
2003,Gulf Cooperation Council,Oman,1032.0
2012,Gulf Cooperation Council,Oman,6762.0
1985,Gulf Cooperation Council,Oman,47.0
1998,Gulf Cooperation Council,Oman,520.0
2000,Gulf Cooperation Council,Oman,416.0
2016,Islamic (Non-Arab Countries),Islamic (Non-Arab Countries),34488.87471
2003,Islamic (Non-Arab Countries),Islamic (Non-Arab Countries),18268.0
2006,Islamic (Non-Arab Countries),Islamic (Non-Arab Countries),39059.0
2010,Islamic (Non-Arab Countries),Islamic (Non-Arab Countries),45874.0
2015,Islamic (Non-Arab Countries),Islamic (Non-Arab Countries),40477.126833
1993,Other Arab League Countries,Morocco,1537.0
2014,Other Arab League Countries,Morocco,8801.0
2004,Other Arab League Countries,Sudan,1222.0
2004,Other Arab League Countries,Syria,2172.0
2012,Other Arab League Countries,Sudan,2137.0
2001,Other Arab League Countries,Syria,392.0
1998,Other Arab League Countries,Syria,343.0
2001,Other Arab League Countries,Sudan,483.0
1990,Other Arab League Countries,Sudan,594.0
2015,Other Arab League Countries,Lebanon,1444.633704
2014,Other Arab League Countries,Lebanon,1588.0
1991,Other Arab League Countries,Lebanon,103.0
1984,Other Arab League Countries,Lebanon,339.0
1989,Other Arab League Countries,Lebanon,73.0
2003,Other Arab League Countries,Yemen,1055.0
2005,Other Arab League Countries,Yemen,2657.0
1992,Other Arab League Countries,Yemen,307.0
1995,Other Arab League Countries,Yemen,433.0
2001,Other Arab League Countries,Yemen,888.0
2004,Islamic (Non-Arab Countries),Islamic (Non-Arab Countries),24804.0
2016,Islamic (Non-Arab Countries),Pakistan,7933.962487
1985,Islamic (Non-Arab Countries),Pakistan,1764.0
2010,Islamic (Non-Arab Countries),Pakistan,12298.0
1999,Islamic (Non-Arab Countries),Pakistan,2562.0
2003,Islamic (Non-Arab Countries),Pakistan,4828.0
2002,Asian (Non-Arab or Islamic Co.),China Mainland,10820.0
2007,Asian (Non-Arab or Islamic Co.),China Mainland,59840.0
1999,Asian (Non-Arab or Islamic Co.),China Mainland,2352.0
1994,Asian (Non-Arab or Islamic Co.),China Mainland,451.0
1984,Asian (Non-Arab or Islamic Co.),China Mainland,24.0
2004,Asian (Non-Arab or Islamic Co.),Taiwan,15396.0
2014,Asian (Non-Arab or Islamic Co.),Taiwan,43771.0
1997,Asian (Non-Arab or Islamic Co.),Taiwan,5696.0
2002,Asian (Non-Arab or Islamic Co.),Taiwan,7674.0
2015,Islamic (Non-Arab Countries),Indonesia,9879.512691
2013,Islamic (Non-Arab Countries),Indonesia,20615.0
2003,Islamic (Non-Arab Countries),Indonesia,5917.0
1987,Islamic (Non-Arab Countries),Indonesia,620.0
1989,Islamic (Non-Arab Countries),Indonesia,439.0
1990,Islamic (Non-Arab Countries),Indonesia,621.0
2011,Islamic (Non-Arab Countries),Turkey,12555.0
1986,Islamic (Non-Arab Countries),Turkey,852.0
1988,Islamic (Non-Arab Countries),Turkey,667.0
1984,Islamic (Non-Arab Countries),Turkey,753.0
1997,Asian (Non-Arab or Islamic Co.),Asian (Non-Arab or Islamic Co.),103376.0
1991,Asian (Non-Arab or Islamic Co.),Asian (Non-Arab or Islamic Co.),60246.0
2011,Asian (Non-Arab or Islamic Co.),Japan,180828.0
2005,Asian (Non-Arab or Islamic Co.),Japan,105580.0
2012,Asian (Non-Arab or Islamic Co.),India,120841.0
2010,Asian (Non-Arab or Islamic Co.),Japan,135634.0
1989,Asian (Non-Arab or Islamic Co.),Japan,18545.0
1985,Asian (Non-Arab or Islamic Co.),Japan,29820.0
1995,Asian (Non-Arab or Islamic Co.),Japan,30346.0
2016,Asian (Non-Arab or Islamic Co.),Philippine,5075.331815
2008,Asian (Non-Arab or Islamic Co.),South Korea,101621.0
2014,Asian (Non-Arab or Islamic Co.),South Korea,123557.0
1995,Asian (Non-Arab or Islamic Co.),South Korea,18429.0
2003,Asian (Non-Arab or Islamic Co.),South Korea,31816.0
2007,Asian (Non-Arab or Islamic Co.),South Korea,73972.0
2009,Asian (Non-Arab or Islamic Co.),South Korea,68263.0
1985,Asian (Non-Arab or Islamic Co.),South Korea,2000.0
1996,Asian (Non-Arab or Islamic Co.),Taiwan,5830.0
1999,Asian (Non-Arab or Islamic Co.),Taiwan,4185.0
1998,Asian (Non-Arab or Islamic Co.),Taiwan,3476.0
2001,Asian (Non-Arab or Islamic Co.),Taiwan,8472.0
2000,Asian (Non-Arab or Islamic Co.),Taiwan,7742.0
2016,Asian (Non-Arab or Islamic Co.),Singapore,33376.647159
2004,Asian (Non-Arab or Islamic Co.),Singapore,22147.0
2005,Asian (Non-Arab or Islamic Co.),Singapore,35488.0
1986,Asian (Non-Arab or Islamic Co.),Singapore,2026.0
1987,Asian (Non-Arab or Islamic Co.),Singapore,4332.0
1989,Asian (Non-Arab or Islamic Co.),Singapore,6352.0
1999,Asian (Non-Arab or Islamic Co.),Thailand,2100.0
2013,Asian (Non-Arab or Islamic Co.),Taiwan,51921.0
1989,Asian (Non-Arab or Islamic Co.),Taiwan,4069.0
1993,Asian (Non-Arab or Islamic Co.),Taiwan,4798.0
2012,Asian (Non-Arab or Islamic Co.),Thailand,27123.0
1986,Asian (Non-Arab or Islamic Co.),Thailand,167.0
1987,Asian (Non-Arab or Islamic Co.),Thailand,314.0
1988,Asian (Non-Arab or Islamic Co.),Thailand,590.0
2002,Asian (Non-Arab or Islamic Co.),India,14742.0
2007,Asian (Non-Arab or Islamic Co.),India,64120.0
2004,Asian (Non-Arab or Islamic Co.),India,27625.0
2005,Asian (Non-Arab or Islamic Co.),India,40237.0
1994,Asian (Non-Arab or Islamic Co.),India,4686.0
1996,Asian (Non-Arab or Islamic Co.),India,7804.0
2005,Islamic (Non-Arab Countries),Bangladesh,1347.0
2009,Islamic (Non-Arab Countries),Bangladesh,1465.0
1988,Islamic (Non-Arab Countries),Bangladesh,111.0
1991,Islamic (Non-Arab Countries),Bangladesh,215.0
1993,Islamic (Non-Arab Countries),Bangladesh,209.0
1997,Islamic (Non-Arab Countries),Bangladesh,433.0
1990,Islamic (Non-Arab Countries),Bangladesh,311.0
2012,Islamic (Non-Arab Countries),Malaysia,9328.0
1989,Islamic (Non-Arab Countries),Malaysia,344.0
1997,Islamic (Non-Arab Countries),Malaysia,892.0
1995,Islamic (Non-Arab Countries),Indonesia,1871.0
1999,Islamic (Non-Arab Countries),Indonesia,3318.0
1988,Islamic (Non-Arab Countries),Indonesia,413.0
1999,Islamic (Non-Arab Countries),Malaysia,1298.0
2002,Islamic (Non-Arab Countries),Malaysia,1915.0
2001,Islamic (Non-Arab Countries),Malaysia,1884.0
2008,Islamic (Non-Arab Countries),Malaysia,7948.0
2009,Islamic (Non-Arab Countries),Malaysia,4078.0
1996,Islamic (Non-Arab Countries),Malaysia,956.0
1998,Islamic (Non-Arab Countries),Malaysia,528.0
1991,African (Non-Arab or  Islamic Co.),African (Non-Arab or  Islamic Co.),1816.0
1992,African (Non-Arab or  Islamic Co.),African (Non-Arab or  Islamic Co.),2076.0
2010,African (Non-Arab or  Islamic Co.),African (Non-Arab or  Islamic Co.),16084.0
2011,African (Non-Arab or  Islamic Co.),African (Non-Arab or  Islamic Co.),25675.0
1985,African (Non-Arab or  Islamic Co.),African (Non-Arab or  Islamic Co.),439.0
2006,Asian (Non-Arab or Islamic Co.),South Korea,72570.0
1991,Asian (Non-Arab or Islamic Co.),South Korea,9938.0
1984,Asian (Non-Arab or Islamic Co.),Philippine,1118.0
1997,Asian (Non-Arab or Islamic Co.),Philippine,3606.0
2003,Asian (Non-Arab or Islamic Co.),Philippine,4505.0
2009,Asian (Non-Arab or Islamic Co.),Philippine,5773.0
1990,Asian (Non-Arab or Islamic Co.),Philippine,2215.0
2005,African (Non-Arab or  Islamic Co.),African (Non-Arab or  Islamic Co.),15840.0
2007,African (Non-Arab or  Islamic Co.),Kenya,1794.0
2010,African (Non-Arab or  Islamic Co.),Kenya,1987.0
1986,African (Non-Arab or  Islamic Co.),Kenya,121.0
1993,African (Non-Arab or  Islamic Co.),Kenya,181.0
1992,African (Non-Arab or  Islamic Co.),Kenya,129.0
1999,African (Non-Arab or  Islamic Co.),Kenya,552.0
2014,European Union,Italy,25560.0
2009,European Union,Italy,9653.0
2002,European Union,Italy,6746.0
2003,European Union,Italy,8865.0
1995,Grand Total,Grand Total,187403.0
1996,Grand Total,Grand Total,227428.0
2001,Grand Total,Grand Total,254898.0
2007,Grand Total,Grand Total,874403.0
2000,Grand Total,Grand Total,290553.0
1985,Oceania,Australia,889.0
1987,Oceania,Oceania,1066.0
1985,Oceania,Oceania,1433.0
2004,Oceania,Oceania,1546.0
1991,Oceania,Oceania,2282.0
1997,Oceania,Oceania,2910.0
2008,Oceania,Oceania,3235.0
1984,Oceania,Oceania,2262.0
2000,Oceania,Oceania,2861.0
1986,Oceania,Oceania,758.0
1989,North America,United States of America,27437.0
2016,North America,North America,71054.442501
2007,North America,North America,153994.0
2014,North America,North America,170751.0
1986,North America,North America,12658.0
1987,North America,North America,17110.0
2012,North America,North America,218097.0
2002,North America,North America,55310.0
1984,North America,North America,8863.0
2016,African (Non-Arab or  Islamic Co.),South Africa,10701.425974
2011,African (Non-Arab or  Islamic Co.),South Africa,18302.0
2010,African (Non-Arab or  Islamic Co.),South Africa,11267.0
2007,African (Non-Arab or  Islamic Co.),Ethiopia,116.0
2013,African (Non-Arab or  Islamic Co.),Ethiopia,349.0
2014,African (Non-Arab or  Islamic Co.),Ethiopia,446.0
2006,African (Non-Arab or  Islamic Co.),Ethiopia,84.0
2004,African (Non-Arab or  Islamic Co.),Ethiopia,52.0
2004,African (Non-Arab or  Islamic Co.),Kenya,1167.0
2002,African (Non-Arab or  Islamic Co.),Kenya,864.0
2012,Oceania,New Zealand,3073.0
1985,Oceania,New Zealand,544.0
1997,Oceania,New Zealand,823.0
1998,Oceania,New Zealand,432.0
2001,Oceania,New Zealand,368.0
2016,Oceania,Australia,1201.677739
1989,Oceania,Australia,1151.0
1994,Oceania,Australia,1443.0
1999,Oceania,Australia,1591.0
2007,Oceania,Australia,1565.0
2015,North America,United States of America,80524.880859
2011,North America,United States of America,187522.0
2007,North America,United States of America,147432.0
1995,North America,United States of America,31743.0
1997,North America,United States of America,34603.0
1999,North America,United States of America,37185.0
1998,North America,United States of America,23695.0
2008,North America,United States of America,195521.0
2014,South America,South America,14662.0
1993,South America,South America,4977.0
1992,South America,South America,5394.0
1996,South America,South America,5844.0
1998,South America,South America,2687.0
2002,South America,South America,3512.0
2013,North America,Canada,9713.0
2004,North America,Canada,3531.0
2005,North America,Canada,4834.0
1995,European Union,European Union,37365.0
2007,European Union,European Union,96588.0
2009,European Union,European Union,66421.0
2000,European Union,European Union,50152.0
2015,European Union,Germany,1311.439655
2013,European Union,Germany,1570.0
1996,European Union,Germany,2779.0
2005,European Union,Germany,4086.0
1993,Europe not European Union,Europe not European Union,2020.0
1992,Europe not European Union,Europe not European Union,2607.0
1997,Europe not European Union,Europe not European Union,161.0
1995,Europe not European Union,Europe not European Union,866.0
2005,Europe not European Union,Europe not European Union,690.0
2014,Europe not European Union,Europe not European Union,795.0
1986,Other Countries,Other Countries,374.0
2004,European Union,Belgium,5673.0
1999,European Union,Belgium,907.0
2011,Asian (Non-Arab or Islamic Co.),China Mainland,170500.0
2013,Asian (Non-Arab or Islamic Co.),China Mainland,188936.0
2003,Asian (Non-Arab or Islamic Co.),China Mainland,15367.0
1987,Asian (Non-Arab or Islamic Co.),China Mainland,199.0
1988,Asian (Non-Arab or Islamic Co.),China Mainland,404.0
1996,Asian (Non-Arab or Islamic Co.),China Mainland,858.0
2016,Asian (Non-Arab or Islamic Co.),Taiwan,19813.772303
2015,Asian (Non-Arab or Islamic Co.),Taiwan,23523.61578
2008,Asian (Non-Arab or Islamic Co.),Taiwan,46165.0
1990,Asian (Non-Arab or Islamic Co.),Taiwan,5634.0
1993,Asian (Non-Arab or Islamic Co.),Thailand,1063.0
2011,Asian (Non-Arab or Islamic Co.),Thailand,24641.0
1992,Asian (Non-Arab or Islamic Co.),Thailand,1036.0
1990,Asian (Non-Arab or Islamic Co.),Thailand,1099.0
2006,Asian (Non-Arab or Islamic Co.),Japan,130369.0
2000,Asian (Non-Arab or Islamic Co.),India,12823.0
1991,Asian (Non-Arab or Islamic Co.),Japan,28689.0
1993,Asian (Non-Arab or Islamic Co.),Japan,26777.0
1997,Asian (Non-Arab or Islamic Co.),India,9251.0
1998,Asian (Non-Arab or Islamic Co.),India,6083.0
2002,Asian (Non-Arab or Islamic Co.),Singapore,13905.0
2000,Asian (Non-Arab or Islamic Co.),Singapore,14632.0
2006,Asian (Non-Arab or Islamic Co.),Singapore,37405.0
1994,Asian (Non-Arab or Islamic Co.),Singapore,7735.0
2007,Asian (Non-Arab or Islamic Co.),Thailand,15480.0
1990,Asian (Non-Arab or Islamic Co.),Singapore,8917.0
1995,Asian (Non-Arab or Islamic Co.),Thailand,1607.0
2002,Asian (Non-Arab or Islamic Co.),Thailand,4085.0
2000,Asian (Non-Arab or Islamic Co.),Thailand,3578.0
1986,Asian (Non-Arab or Islamic Co.),Taiwan,2830.0
2008,European Union,Holland,24529.0
1986,European Union,England,2094.0
1987,European Union,England,1428.0
2015,European Union,England,6899.316247
2011,European Union,England,5730.0
1990,European Union,England,2664.0
1995,European Union,England,2747.0
1998,European Union,England,1258.0
2003,European Union,England,3443.0
2004,European Union,England,6353.0
2005,European Union,England,6855.0
1987,European Union,Portugal,711.0
2016,European Union,Portugal,1947.552989
1991,European Union,Portugal,582.0
1997,European Union,Portugal,1286.0
2006,European Union,Portugal,2035.0
2007,European Union,Portugal,2316.0
2008,European Union,Portugal,3577.0
1988,European Union,France,4530.0
1991,European Union,France,8203.0
1992,European Union,France,8239.0
2004,European Union,France,12335.0
1986,European Union,Italy,5644.0
1987,European Union,Italy,3583.0
1984,European Union,Italy,5982.0
2012,European Union,Italy,39326.0
1992,European Union,Italy,7632.0
1996,European Union,Italy,6640.0
2007,European Union,Italy,17239.0
2015,European Union,Greece,3879.452567
2010,European Union,Greece,6082.0
1998,European Union,Greece,2128.0
2008,European Union,Greece,7827.0
1986,European Union,Spain,1932.0
2013,European Union,Spain,28334.0
2012,European Union,Spain,29134.0
1991,European Union,Spain,3563.0
1990,European Union,Spain,2181.0
1995,European Union,Spain,4359.0
2002,European Union,Spain,5539.0
2007,European Union,Spain,14990.0
2008,European Union,Spain,21049.0
1986,European Union,Belgium,2203.0
1985,European Union,Belgium,1399.0
2015,European Union,Belgium,14498.635339
1990,European Union,Belgium,703.0
1996,European Union,Belgium,2452.0
2002,European Union,Belgium,4027.0
2000,European Union,Belgium,3267.0
1986,Europe not European Union,Europe not European Union,990.0
1987,Europe not European Union,Europe not European Union,835.0
2002,Europe not European Union,Europe not European Union,658.0
2006,Europe not European Union,Europe not European Union,2227.0
2007,Europe not European Union,Europe not European Union,703.0
1987,Other Countries,Other Countries,192.0
2012,Other Countries,Other Countries,4.0
1996,Other Countries,Other Countries,106.0
2000,Other Countries,Other Countries,214.0
1984,Grand Total,Grand Total,132220.0
2013,Grand Total,Grand Total,1409522.5
2003,Grand Total,Grand Total,349664.0
2004,Grand Total,Grand Total,472491.0
2005,Grand Total,Grand Total,677144.0
2008,Grand Total,Grand Total,1175481.6
1989,Asian (Non-Arab or Islamic Co.),Philippine,660.0
2016,Asian (Non-Arab or Islamic Co.),Thailand,14379.024219
2015,Asian (Non-Arab or Islamic Co.),Thailand,13896.37353
2006,Asian (Non-Arab or Islamic Co.),Thailand,13264.0
1996,Asian (Non-Arab or Islamic Co.),Thailand,2987.0
1984,Asian (Non-Arab or Islamic Co.),Thailand,2832.0
1985,Asian (Non-Arab or Islamic Co.),Thailand,564.0
2001,Asian (Non-Arab or Islamic Co.),India,12336.0
2009,Asian (Non-Arab or Islamic Co.),India,52951.0
1993,Asian (Non-Arab or Islamic Co.),India,4971.0
1990,Asian (Non-Arab or Islamic Co.),India,4115.0
2012,African (Non-Arab or  Islamic Co.),African (Non-Arab or  Islamic Co.),36783.0
1993,African (Non-Arab or  Islamic Co.),African (Non-Arab or  Islamic Co.),1434.0
1990,African (Non-Arab or  Islamic Co.),African (Non-Arab or  Islamic Co.),1740.0
1987,African (Non-Arab or  Islamic Co.),African (Non-Arab or  Islamic Co.),504.0
1989,African (Non-Arab or  Islamic Co.),African (Non-Arab or  Islamic Co.),771.0
1984,African (Non-Arab or  Islamic Co.),African (Non-Arab or  Islamic Co.),596.0
1991,Asian (Non-Arab or Islamic Co.),Philippine,2016.0
1993,Asian (Non-Arab or Islamic Co.),Philippine,2144.0
1999,Asian (Non-Arab or Islamic Co.),Philippine,2828.0
2013,Asian (Non-Arab or Islamic Co.),Singapore,43876.0
2007,Asian (Non-Arab or Islamic Co.),Singapore,37360.0
2014,Asian (Non-Arab or Islamic Co.),Singapore,46798.0
1985,Asian (Non-Arab or Islamic Co.),Singapore,2930.0
1988,Asian (Non-Arab or Islamic Co.),Singapore,5311.0
1993,Asian (Non-Arab or Islamic Co.),Singapore,7833.0
1998,Asian (Non-Arab or Islamic Co.),Singapore,8697.0
2005,Asian (Non-Arab or Islamic Co.),Thailand,12016.0
1987,Asian (Non-Arab or Islamic Co.),Taiwan,3649.0
1984,Asian (Non-Arab or Islamic Co.),Taiwan,6419.0
2004,African (Non-Arab or  Islamic Co.),African (Non-Arab or  Islamic Co.),12188.0
1995,African (Non-Arab or  Islamic Co.),African (Non-Arab or  Islamic Co.),1785.0
2008,African (Non-Arab or  Islamic Co.),African (Non-Arab or  Islamic Co.),24792.0
2003,African (Non-Arab or  Islamic Co.),African (Non-Arab or  Islamic Co.),9701.0
1984,African (Non-Arab or  Islamic Co.),Kenya,465.0
1987,African (Non-Arab or  Islamic Co.),Kenya,81.0